SppAlias,PFAA,k1,k2,ke,kg,kd,RMR,G_V,G_D,Total Elimination,C_B_re,C_WTO,C_s,kr_est,Gill_uptake,Dietary_uptake,Sediment_uptake,Gill_up%,Diet_up%,Sed_up%,log_BAF_re,log_ngkg_re,C_B_re_max,C_WTO_max,C_s_max,kr_est.x,Gill_uptake_max,Dietary_uptake_max,Sediment_uptake_max,Gill_up%.x,Diet_up%.x,Sed_up%.x,log_BAF_re_max,log_ngkg_re_max,C_B_re_min,C_WTO_min,C_s_min,kr_est.y,Gill_uptake_min,Dietary_uptake_min,Sediment_uptake_min,Gill_up%.y,Diet_up%.y,Sed_up%.y,log_BAF_re_min,log_ngkg_re_min,logngkg_re_Up,logngkg_re_Lo,Obs_ngg,Obs_logngkg,Obs_ngg_max,Obs_logngkg_max,Obs_ngg_min,Obs_logngkg_min,Obs_logngkg_Up,Obs_logngkg_Lo,temperature,pH,env_DO,runID,WB,System,Seasonality
Chu,PFOA,0.4741293987519425,0.004500430041455822,4.742190458059851e-4,0.003477131693653123,0.014659635380523294,NA,10.469758674830462,0.0015870648738044784,0.059081618747292924,2415.2558517436573,0.27,0.23,0.050629837966377995,0.1024119501304196,0.03859941721070725,0.001685858068760179,0.7176870456748474,0.27049872273152703,0.011814231593625445,0.9515993788436398,3.382963143002627,3866.454373385726,0.43,0.52,0.050629837966377995,0.16310051317066823,0.06152436482257454,0.0038115051989360566,0.713986585199325,0.26932822155048464,0.01668519325019043,0.9538444340143406,3.5873128895939272,1245.4470131365429,0.14,0.066,0.050629837966377995,0.05310249266021757,0.019996764972313112,4.8376796755726875e-4,0.721667697504329,0.2717578518854654,0.006574450610205549,0.9491972197656078,3.095325255443846,0.20434974659130045,0.28763788755878084,4.8549999999999995,3.6861892342440234,8.62,3.9355072658247128,1.09,3.037426497940624,0.24931803158068933,0.6487627363033996,11.8,8,8.7,default,0.014940000000000002,AFBC-spring,spring
Chu,PFOS,47.41293987519425,0.04507924173393962,0.0029847941892927315,0.003477131693653123,0.07659128340113981,NA,10.469758674830462,0.0015870648738044784,0.06342773384523771,348741.8991017405,0.63,1.15,0.01188656622835224,11.94806084854895,10.127807520403339,0.04403998795565539,0.5401496541380392,0.45785937974921453,0.001990966112746209,2.7431635787527346,5.542504128206317,522106.10754928004,0.94,4.1,0.01188656622835224,17.827265393073038,15.131729704563421,0.1570121309723366,0.5383277419287471,0.45693098205061317,0.004741276020639783,2.7446309199776824,5.717758773577381,193724.16052507507,0.35,0.61,0.01188656622835224,6.637811582527194,5.626312569212025,0.02336034143734764,0.5402091523462981,0.45788969844368105,0.0019011492100209776,2.7431157432680773,5.287183787618353,0.17525464537106394,0.2553203405879634,1935,6.28668096935493,2820,6.450249108319361,1050,6.021189299069938,0.1635681389644308,0.2654916702849919,11.8,8,8.7,default,0.014940000000000002,AFBC-spring,spring
Chu,PFDA,25.92912121611292,0.03385622220801542,0.002653302113861133,0.003477131693653123,0.06904900722710247,NA,10.469758674830462,0.0015870648738044784,0.045980471861136796,533.8068565728352,0.0012,0.05,0.005993815845607118,0.010890230910767426,0.011928235056484144,0.001726225180677562,0.44368987351002986,0.4859802465874803,0.07032987990248987,2.6482029018089275,2.727384147856552,1950.470613268742,0.0047,0.05,0.005993815845607118,0.04265340440050575,0.0453039295681943,0.001726225180677562,0.4755989258796244,0.5051531183406284,0.01924795577974719,2.618041553471196,3.2901394114069134,310.665400231139,7.199999999999999e-4,0.02,0.005993815845607118,0.006534138546460455,0.00705991307482521,6.904900722710248e-4,0.4574272445442055,0.4942344827212564,0.048338272734538154,2.634960390793987,2.4922928872252554,0.5627552635503612,0.2350912606312967,8.185,3.91301868374796,8.83,3.9459607035775686,7.54,3.877371345869774,0.03294201982960843,0.0356473378781863,11.8,8,8.7,default,0.014940000000000002,AFBC-spring,spring
Chu,PFHxS,0.5536217773170056,0.0016463439261442344,0.0016632919877266358,0.003477131693653123,0.05927591697342027,NA,10.469758674830462,0.0015870648738044784,0.23760013262354068,3518.889407631091,0.5655,0.402,0.23081336501601668,0.2880272658669453,0.5361468647621169,0.011914459311657476,0.3444937167332555,0.6412560477594017,0.01425023550734287,0.7939730086932707,3.5464056179547447,5541.690857256283,0.89,0.66,0.23081336501601668,0.45330551126716423,0.843839918774363,0.01956105260122869,0.34427225599841865,0.640871697601652,0.014856046399929455,0.7942522883970309,3.7436422950419437,1675.9420007213307,0.27,0.16,0.23081336501601668,0.1375196494855442,0.25594231879733254,0.004742073357873622,0.3453497079510081,0.6427416400465298,0.011908652002462097,0.7928952207781529,3.22425898493714,0.19723667708719894,0.3221466330176046,48,4.681241237375588,66.6,4.823474229170301,29.4,4.468347330412158,0.14223299179471383,0.2128939069634299,11.8,8,8.7,default,0.014940000000000002,AFBC-spring,spring
Chu,PFNA,3.3995180275503727,0.014970128932339203,0.0020487957768904144,0.003477131693653123,0.055451664265457674,NA,10.469758674830462,0.0015870648738044784,0.03238262263123498,2151.21071780341,0.013,0.05,0.011886566228352241,0.026516240614892907,0.0417593126533666,0.001386291606636442,0.38064223912692513,0.5994574609438087,0.01990029992926616,2.2187396006641187,3.332682952970955,3291.501058821067,0.02,0.061,0.011886566228352241,0.040794216330604476,0.06410194458741207,0.001691275760096459,0.3827300627727854,0.6014024408992562,0.015867496327958423,2.21636400346944,3.517393999133421,1414.726437330814,0.00864,0.02,0.011886566228352241,0.017623101454821134,0.027634934249039542,5.545166426545767e-4,0.38467844623727104,0.6032175208230153,0.012104032939713655,2.214158726891205,3.1506724693700985,0.18471104616246592,0.1820104836008567,2.6685000000000003,3.4262672071396065,4.4,3.6434526764861874,0.937,2.971739590887778,0.2171854693465809,0.45452761625182836,11.8,8,8.7,default,0.014940000000000002,AFBC-spring,spring
Dac,PFNA,4.800144956824725,0.02113793435281883,0.00136547092850981,0.004234891468213929,0.06428807829458268,NA,5.5165549648109335,6.866016024756675e-4,0.043522217432587884,1578.6786038231785,0.013,0.05,0.016783920683045312,0.037441130663232854,0.029659260831169224,0.001607201957364567,0.5449343919972524,0.43167369632863495,0.02339191167411266,2.0843503706125213,3.1982937229193578,2416.9760670114656,0.02,0.061,0.016783920683045312,0.057601739481896695,0.04562963204795266,0.0019607863879847714,0.5475858716282783,0.4337740849806892,0.018640043391032503,2.082242354364556,3.383272350028537,1039.4422883878044,0.00864,0.02,0.016783920683045312,0.024883951456179373,0.01971200104471555,6.428807829458267e-4,0.5500573213294581,0.4357318616295229,0.014210817041019112,2.0802866390861428,3.016800381565036,0.18497862710917934,0.18149334135432182,3.755,3.5746099413401873,34.8,4.541579243946581,0.86,2.934498451243568,0.9669693026063935,0.6401114900966194,11.8,8,8.7,default,0.005575,AFBC-spring,spring
Dac,PFOA,0.6694742677806707,0.006354640979092895,2.299733018781515e-4,0.004234891468213929,0.016995698859487377,NA,5.5165549648109335,6.866016024756675e-4,0.08230921676398004,2530.4680293066094,0.27,0.23,0.07148971101479507,0.14460644184062488,0.06171989432905318,0.0019545053688410485,0.6942858535257148,0.29633015630791376,0.0093839901663715225,0.971837090513508,3.4032008546724954,4045.873468811786,0.43,0.52,0.07148971101479507,0.23029914811655072,0.09829464652404767,0.004418881703466718,0.6915627075967766,0.2951678825057419,0.013269409897481432,0.9735438408838435,3.60701229646343,1306.5958886815931,0.14,0.066,0.07148971101479507,0.07498111799143513,0.032002908170620174,5.608580623630835e-4,0.6972076685206979,0.29757722462965674,0.005215106849645378,0.9700132516320791,3.116141287310317,0.20381144179093447,0.2870595673621783,1.2145,3.0843975191411492,6.35,3.8027737252919755,0.615,2.788875115775417,0.7183762061508263,0.29552240336573243,11.8,8,8.7,default,0.005575,AFBC-spring,spring
Dac,PFDA,36.6121136678035,0.04780523973454186,0.0019204557841951825,0.004234891468213929,0.08005220477294778,NA,5.5165549648109335,6.866016024756675e-4,0.062423899924332005,398.6473417167566,0.0012,0.05,0.008463312937381035,0.015377087740477469,0.007506728904626633,0.0020013051193236947,0.6179229455271683,0.30165530133580365,0.08042175313702798,2.521407626403843,2.6005888724514676,1467.8606605864875,0.0047,0.05,0.008463312937381035,0.06022692698353675,0.029401354876454316,0.0020013051193236947,0.657286897922315,0.32087184768268817,0.02184125439499674,2.4945869733864816,3.166684831322199,232.77642140919843,7.199999999999999e-4,0.02,0.008463312937381035,0.009226252644286479,0.004504037342775979,8.005220477294778e-4,0.6349440500775556,0.30996460018832467,0.05509134973411968,2.5096064908417683,2.3669389872730364,0.5660959588707315,0.23364988517843122,9.165,3.9621324692982354,33.5,4.525044807036846,4.62,3.6646419755561257,0.5629123377386103,0.2974904937421097,11.8,8,8.7,default,0.005575,AFBC-spring,spring
Dac,PFHxS,0.7817181026368857,0.0023246499739772793,4.994935827211856e-4,0.004234891468213929,0.06872173886662286,NA,5.5165549648109335,6.866016024756675e-4,0.3329692379037998,4359.775124940702,0.5655,0.402,0.3259102028788874,0.4066966600778662,1.0311612711933917,0.013813069512191196,0.2801575975950315,0.7103271131247276,0.009515289280240806,0.8870314798887619,3.639464089150236,6864.357610966491,0.89,0.66,0.3259102028788874,0.6400707824390821,1.6228709661575926,0.022678173825985547,0.2800425285760697,0.710035360751239,0.009922110672691215,0.8872098941316059,3.836599900776519,2078.2945643250687,0.27,0.16,0.3259102028788874,0.19417877669500244,0.49233164141859553,0.005497739109329829,0.28060186092929035,0.7114535230254414,0.007944616045268313,0.8863433375774196,3.317707101736407,0.1971358116262829,0.3217569874138291,43.05,4.633973155789674,92.9,4.968015713993641,16.7,4.222716471147583,0.33404255820396767,0.4112566846420904,11.8,8,8.7,default,0.005575,AFBC-spring,spring
Dac,PFOS,66.94742677806707,0.06365222749607749,0.0023898236108677363,0.004234891468213929,0.08879636867891592,NA,5.5165549648109335,6.866016024756675e-4,0.08706086325820446,280070.0158483971,0.63,1.15,0.01678392068304531,16.870751548072903,7.461327892437177,0.05105791199037665,0.6919024120717933,0.30600360341537547,0.002093984512831395,2.647926066515211,5.447266615968793,419098.0724226517,0.94,4.1,0.01678392068304531,25.17223246855322,11.132774950620552,0.18203255579177763,0.6898951651277924,0.3051158701352305,0.004988964736977119,2.6491878097678345,5.622315663367534,155579.72086343987,0.35,0.61,0.01678392068304531,9.37263974892939,4.145182162465098,0.027082892447069355,0.6919679307211635,0.30603257996242667,0.001999489316409828,2.64788494360503,5.191952987955306,0.1750490473987405,0.25531362801348756,1545,6.188928483760853,4420,6.645422269349092,899,5.953759691733229,0.45649378558823894,0.23516879202762464,11.8,8,8.7,default,0.005575,AFBC-spring,spring
Dar,PFHxS,0.8981004844305772,0.0026707444291210287,0.0012564544511023533,0.004584426407447397,0.07293335307841296,NA,4.263135210904639,4.901435018710548e-4,0.3829434186656962,4932.990330907674,0.5655,0.402,0.3744317933780254,0.46724575802985213,1.4100827403577483,0.011727683175008807,0.24734349491043242,0.7464482814859118,0.006208223603655758,0.9406776549463477,3.6931102642078217,7765.788943020857,0.89,0.66,0.3744317933780254,0.7353646766517568,2.2192386846122125,0.019254405212701022,0.24727634419550362,0.7462491009586831,0.006474554845813293,0.9407955765613859,3.8901855832062986,2352.8094197759297,0.27,0.16,0.3744317933780254,0.2230881603325554,0.6732369877482738,0.00466773459701843,0.24760257780229455,0.7472167657388604,0.005180656458845071,0.9402229860974711,3.3715867502564585,0.19707531899847686,0.32152351395136325,31.35,4.496237545166736,79.5,4.9003671286564705,11.5,4.060697840353612,0.40412958348973493,0.43553970481312376,11.8,8,8.7,default,0.00375,AFBC-spring,spring
Dar,PFOS,76.9145760062965,0.07312878665145435,0.0039718090742353095,0.004584426407447397,0.0942382572930748,NA,4.263135210904639,4.901435018710548e-4,0.10096773702133148,320050.059098681,0.63,1.15,0.01928271488819443,19.38247315358672,12.888907448795688,0.04334959835481441,0.5998030320285493,0.3988554869166645,0.001341481054786137,2.7058773622726617,5.505217911726244,478481.64010519756,0.94,4.1,0.01928271488819443,28.919880578367483,19.23677708734883,0.15455074196064267,0.5986163776804212,0.3981845563666751,0.003199065952903873,2.7067374244505156,5.679865278050214,177794.11788915374,0.35,0.61,0.01928271488819443,10.768040640881509,7.160434963310661,0.02299413477951025,0.5998417286972704,0.39887736588864037,0.0012809054140893667,2.7058493443956206,5.249917388745897,0.1746473663239705,0.2553005229803471,635.5,5.803115554890027,1070,6.02938377768521,351,5.545307116465824,0.22626822279518244,0.2578084384242034,11.8,8,8.7,default,0.00375,AFBC-spring,spring
Dar,PFDA,42.06293408092577,0.05492249548665637,0.0032962084924977896,0.004584426407447397,0.08495820699098283,NA,4.263135210904639,4.901435018710548e-4,0.07252646341843255,455.37642445414156,0.0012,0.05,0.009723333031830992,0.017666432313988824,0.013661245135981428,0.001699164139819657,0.5349113467589439,0.41364067765428514,0.05144797558677077,2.5791892967125993,2.658370542760224,1709.7629872848431,0.0047,0.05,0.009723333031830992,0.06919352656312289,0.05311037204856159,0.001699164139819657,0.5579985286474998,0.428298873189867,0.013702598162633256,2.560838053363762,3.2329359112994793,268.16564837576186,7.199999999999999e-4,0.02,0.009723333031830992,0.010599859388393293,0.00816958104268378,6.796656559278627e-4,0.5450049653169236,0.420049178925624,0.03494585575745233,2.5710706481643144,2.4284031445955825,0.5745653685392553,0.2299673981646415,3.39,3.530199698203082,6.92,3.840106094456758,1.84,3.2648178230095364,0.3099063962536759,0.2653818751935457,11.8,8,8.7,default,0.00375,AFBC-spring,spring
Dar,PFNA,5.514791708826241,0.024284955175134976,0.0024101991773786,0.004584426407447397,0.06822797546045083,NA,4.263135210904639,4.901435018710548e-4,0.050562295648155405,1908.422709416256,0.013,0.05,0.019282714888194434,0.043015375328844675,0.052114298417104805,0.0013645595092090167,0.4457818242370987,0.5400768176404864,0.014141358122414724,2.166731223529898,3.280674575836735,2926.6463206881876,0.02,0.061,0.019282714888194434,0.0661775005059149,0.08013569341707248,0.0016647626012350003,0.4472118825014479,0.5415380459315584,0.011250071566993812,2.1653402463276197,3.466370241991601,1260.5659234498899,0.00864,0.02,0.019282714888194434,0.028588680218555235,0.03460260288322451,5.458238036836066e-4,0.44854060070468466,0.5428957253197585,0.008563673975556935,2.1640518202998305,3.100565562778724,0.18569566615486588,0.18010901305801097,1.6400000000000001,3.214843848047698,2.86,3.456366033129043,0.512,2.709269960975831,0.24152218508134515,0.5055738870718671,11.8,8,8.7,default,0.00375,AFBC-spring,spring
Dar,PFOA,0.7691457600629651,0.007300721478055274,4.5889990341806553e-4,0.004584426407447397,0.018037280868854817,NA,4.263135210904639,4.901435018710548e-4,0.09447716441704256,2697.6752292389992,0.27,0.23,0.08213311662812182,0.16613548417360047,0.08707379216306078,0.0016594298399346433,0.651847324317984,0.3416417553543362,0.00651092032767978,0.9996258999911098,3.430989664150097,4308.188173477363,0.43,0.52,0.08213311662812182,0.26458614146166,0.13868750652279738,0.0037517544207218024,0.6500482276982654,0.3407342777705529,0.00921749453118178,1.0008262086188011,3.6342946641983875,1394.6744035708882,0.14,0.066,0.08213311662812182,0.0861443251270521,0.0451443735924177,4.7618421493776723e-4,0.653773017579613,0.3426130892165747,0.003613893203812212,0.9983447947004358,3.1444728303786738,0.20330500004829055,0.28651683377142323,2.2169999999999996,3.345765693114488,5.74,3.7589118923979736,0.483,2.683947130751512,0.4131461992834855,0.661818562362976,11.8,8,8.7,default,0.00375,AFBC-spring,spring
Kil,PFDA,34.241610799300844,0.044710022153049325,0.0027992180923390396,0.004075965548029614,0.07778833260180931,NA,6.2467803485211,8.078019154803274e-4,0.059500549613879655,451.7420740969419,0.0012,0.05,0.007915343820461678,0.014381476535706353,0.010941658504739452,0.0015557666520361866,0.5350470305759868,0.4070723807810877,0.0578805886429256,2.575709295470549,2.654890541518174,1693.0607568194603,0.0047,0.05,0.007915343820461678,0.056327449764849886,0.04285482914356287,0.0015557666520361866,0.5591477326314614,0.42540858228033984,0.015443685088198702,2.5565746854525897,3.2286725433883072,265.81582502546377,7.199999999999999e-4,0.02,0.007915343820461678,0.008628885921423812,0.006564995102843672,6.223066608144745e-4,0.5455730605399108,0.41508075356464463,0.03934618589544449,2.5672483361447873,2.424580832576056,0.5737820018701334,0.230309708942118,6.11,3.786041210242554,6.11,3.786041210242554,6.11,3.786041210242554,0,0,11.8,8,8.7,default,0.00675,AFBC-spring,spring
Kil,PFOA,0.6261282133419074,0.005943200798230265,3.352045033632721e-4,0.004075965548029614,0.01651506138315336,NA,6.2467803485211,8.078019154803274e-4,0.07721537982971363,2936.2643639027215,0.27,0.23,0.06686100898009048,0.13524369408185202,0.089961688410099,0.0015193856472501095,0.5965104527036812,0.39678809310708235,0.006701454189236438,1.036431390155728,3.4677951543147154,4689.422722971814,0.43,0.52,0.06686100898009048,0.21538810538961617,0.14327231857904654,0.0034351327676958995,0.5948377476126834,0.39567543957288315,0.009486812814433445,1.0376509279332427,3.671119383512829,1517.9509467041973,0.14,0.066,0.06686100898009048,0.07012635989429364,0.04664680139782911,4.3599762051524876e-4,0.5983010248078173,0.3979791496720608,0.0037198255201218544,1.035129701678391,3.1812577373566286,0.20332422919811366,0.28653741695808677,1.83,3.2624510897304293,1.83,3.2624510897304293,1.83,3.2624510897304293,0,0,11.8,8,8.7,default,0.00675,AFBC-spring,spring
Kil,PFOS,62.61282133419075,0.059530974371084455,0.0034833592859017325,0.004075965548029614,0.08628521200908386,NA,6.2467803485211,8.078019154803274e-4,0.08278752130286395,322435.12847694487,0.63,1.15,0.01569722209784814,15.778430976216068,10.875482893836498,0.03969119752417857,0.5910940442953231,0.4074190378671014,0.0014869178375756106,2.7091018015225483,5.50844235097613,482087.62535356166,0.94,4.1,0.01569722209784814,23.54242082165572,16.226910984454456,0.14150774769489752,0.5898753592972514,0.4065790438354082,0.0035455968673404237,2.709998130176114,5.683125983775812,179118.58316531344,0.35,0.61,0.01569722209784814,8.765794986786704,6.0419349410202745,0.02105359173021646,0.5911337889070676,0.40744643234287653,0.0014197787500557929,2.709072600948703,5.253140645298979,0.1746836327996819,0.2553017056771516,1670,6.222716471147583,1670,6.222716471147583,1670,6.222716471147583,0,0,11.8,8,8.7,default,0.00675,AFBC-spring,spring
Kil,PFHxS,0.7311046630120991,0.002174137237084305,7.280518954235327e-4,0.004075965548029614,0.06677829167970707,NA,6.2467803485211,8.078019154803274e-4,0.31178684242133325,6074.992045843674,0.5655,0.402,0.3048086877407958,0.3803645119786747,1.503000126427543,0.0107379493020969,0.20081515882351433,0.7935156924346064,0.00566914874187929,1.031113104375384,3.783545713636858,9563.336072421867,0.89,0.66,0.3048086877407958,0.5986284980743068,2.3654643899566987,0.017629469003442668,0.200766009169844,0.7933214789016556,0.005912511928500455,1.031219411270151,3.9806094179150637,2897.7906649362226,0.27,0.16,0.3048086877407958,0.18160639829220543,0.7176127924587739,0.0042738106675012525,0.20100476484829888,0.7942649155357314,0.004730319615969782,1.0307032448758415,3.462067009034829,0.19706370427820552,0.3214787046020291,35.1,4.545307116465824,35.1,4.545307116465824,35.1,4.545307116465824,0,0,11.8,8,8.7,default,0.00675,AFBC-spring,spring
Kil,PFNA,4.489352810470498,0.019769329019834674,0.0019902832229222412,0.004075965548029614,0.06247001479714532,NA,6.2467803485211,8.078019154803274e-4,0.041532799888634675,1914.079959839225,0.013,0.05,0.015697222097848143,0.035016951921669884,0.04323074772523564,0.0012494002959429066,0.44048087221853444,0.5438028274781699,0.01571630030329556,2.1680167239718173,3.281960076278654,2935.1583584005866,0.02,0.061,0.015697222097848143,0.05387223372564598,0.0665088426542087,0.001524268361050346,0.4419185544337277,0.5455777414482126,0.012503704118059735,2.166601541716669,3.4676315373806497,1264.1667610962593,0.00864,0.02,0.015697222097848143,0.023272804969479064,0.028731820026618154,4.997601183771626e-4,0.443254499957247,0.5472270547302797,0.009518445312473318,2.1652906247007526,3.101804367179646,0.18567146110199584,0.18015570909900802,4.39,3.6424645202421213,4.39,3.6424645202421213,4.39,3.6424645202421213,0,0,11.8,8,8.7,default,0.00675,AFBC-spring,spring
Mad,PFHxS,0.6703170046349394,0.0019933687119753963,0.002039201561134741,0.003878716499130285,0.06433961451784777,NA,7.33954694948383,9.973793289953102e-4,0.2873766723592223,4945.252413447255,0.5655,0.402,0.2794653855869819,0.3487391248313736,1.0646517002106592,0.007759357510852441,0.2453921683385464,0.7491479178493088,0.005459913812144686,0.9417558543096655,3.6941884635711397,7784.952762407623,0.89,0.66,0.2794653855869819,0.5488555633950885,1.6756190122648158,0.012739243674533858,0.24532995400429392,0.7489758009644807,0.00569424503122537,0.9418659750520396,3.8912559816969523,2358.8213276589036,0.27,0.16,0.2794653855869819,0.16650674395131895,0.5082751783844027,0.003088301496856693,0.245632184594146,0.7498119264048652,0.004555889000988849,0.9413312817072953,3.3726950458662825,0.19706751812581258,0.3214934177048572,25.05,4.398807730203265,30.6,4.48572142648158,19.7,4.294466226161593,0.08691369627831502,0.1043415040416713,11.8,8,8.7,default,0.00865,AFBC-spring,spring
Mad,PFNA,4.116085809473533,0.018125609208429923,0.002863015981160236,0.003878716499130285,0.060188671645728546,NA,7.33954694948383,9.973793289953102e-4,0.03925941908892274,2348.9634214903804,0.013,0.05,0.014392077400202293,0.032105469313893555,0.05921064000026122,9.028300746859282e-4,0.34814398784745293,0.6420659399540463,0.009790072198500893,2.256932901606328,3.3708762539131647,3602.508578159372,0.02,0.061,0.014392077400202293,0.049393029713682396,0.09093791163659876,0.0011014526911168323,0.3492342051370834,0.6429779560259777,0.00778783883693881,2.2555750279491367,3.556605023613118,1551.7833931269286,0.00864,0.02,0.014392077400202293,0.021337788836310795,0.039223193699815466,3.6113202987437127e-4,0.35024701601902325,0.6438252181368819,0.00592776584409484,2.2543173573460407,3.190831099824934,0.18572876969995322,0.18004515408823085,0.503,2.7015679850559273,0.605,2.781755374652469,0.405,2.6074550232146687,0.0801873895965417,0.09411296184125861,11.8,8,8.7,default,0.00865,AFBC-spring,spring
Mad,PFDA,31.394593887965513,0.04099260973568408,0.0037789605950756533,0.003878716499130285,0.07494757963548575,NA,7.33954694948383,9.973793289953102e-4,0.05590750980878346,550.3944810570435,0.0012,0.05,0.007257222978893438,0.013185729432945515,0.016461241720919142,0.0011242136945322863,0.4285089930046174,0.5349563821484341,0.03653462484694844,2.6614928244224014,2.740674070470026,2069.5904690633015,0.0047,0.05,0.007257222978893438,0.05164410694570327,0.0629373288090857,0.0011242136945322863,0.4463404094051885,0.5439434384459514,0.009716152148860187,2.643786557752115,3.3158844156878327,324.3312316003893,7.199999999999999e-4,0.02,0.007257222978893438,0.007911437659767307,0.009771428374413364,4.496854778129145e-4,0.43631132962916824,0.5388887696224194,0.02479990074841231,2.6536562748091654,2.510988771240434,0.5752103452178066,0.22968529922959213,3.765,3.5757649805367193,5.47,3.737987326333431,3.6,3.5563025007672873,0.16222234579671158,0.01946247976943205,11.8,8,8.7,default,0.00865,AFBC-spring,spring
Mad,PFOA,0.5740688162972747,0.005449053683504906,6.223840153169494e-4,0.003878716499130285,0.015911947676456973,NA,7.33954694948383,9.973793289953102e-4,0.07125200813738233,2749.195788968206,0.27,0.23,0.06130185393943019,0.12399886432021134,0.07078893201693298,0.0010979243896755313,0.6330163518817119,0.3613787250764157,0.005604923041872383,1.0078419058556896,3.439205670014677,4389.426598646281,0.43,0.52,0.06130185393943019,0.1974796728062625,0.11279352308139742,0.0024822638375272877,0.6314187863571893,0.3606444574317172,0.007936756211093517,1.0089393354350866,3.642407791014673,1421.6704206610652,0.14,0.066,0.06130185393943019,0.06429570742529478,0.036686108392329365,3.1505656399384807e-4,0.634725494614208,0.3621642754587818,0.0031102299270102675,1.0066708918842344,3.1527989275624724,0.2032021209999959,0.28640674245220454,0.7525,2.876506504265881,1.43,3.155336037465062,0.687,2.8369567370595505,0.2788295331991808,0.03954976720633052,11.8,8,8.7,default,0.00865,AFBC-spring,spring
Mad,PFOS,57.40688162972747,0.054581274668691705,0.004358489685023542,0.003878716499130285,0.08313416141105417,NA,7.33954694948383,9.973793289953102e-4,0.07721055825304783,375349.87706322945,0.63,1.15,0.014392077400202291,14.466534170691324,14.485758091886678,0.028681285686813687,0.49917350590720516,0.49983683494145376,9.896591513410677e-4,2.775095728506196,5.574436277959778,561102.712482087,0.94,4.1,0.014392077400202291,21.58498749277753,21.6358111567282,0.10225501853559661,0.49823328840506936,0.4994064204825102,0.0023602911124205542,2.7759145145747177,5.7490423681744165,208514.9032693106,0.35,0.61,0.014392077400202291,8.036963428161846,8.047375105803667,0.015213551538222913,0.49920416328839606,0.4998508693325472,9.44967379056552e-4,2.7750690565725264,5.319137100922802,0.17460609021463824,0.25529917703697613,600,5.778151250383644,822,5.9148718175400505,391,5.592176757395867,0.13672056715640668,0.18597449298777669,11.8,8,8.7,default,0.00865,AFBC-spring,spring
Min,PFDA,46.88609511931192,0.061220202628353454,0.0032028190157569543,0.004877808209469723,0.08900412280949402,NA,3.484777339948859,3.7655590419401316e-4,0.08013909226604239,424.15637646902377,0.0012,0.05,0.010838262412462257,0.019692159950111005,0.01251926458278042,0.0017800824561898807,0.5793258873881786,0.36830566490629074,0.05236844770553055,2.548344754217313,2.627526000264938,1596.4929423617607,0.0047,0.05,0.010838262412462257,0.0771276264712681,0.04903378628255666,0.0017800824561898807,0.6028351188538472,0.3832516276448717,0.013913253501281144,2.5310691450524194,3.2031670029881365,250.0513436773971,7.199999999999999e-4,0.02,0.010838262412462257,0.0118152959700666,0.007511558749668253,7.120329824759522e-4,0.589618353356163,0.37484908650092064,0.03553256014291634,2.540696696186116,2.3980291926173845,0.5756410027231986,0.22949680764755342,3.4,3.531478917042255,7.19,3.8567288903828825,3.18,3.5024271199844326,0.32524997334062755,0.02905179705782235,11.8,8,8.7,default,0.00275,AFBC-spring,spring
Min,PFHxS,1.0010814903853087,0.0029769862725749488,8.33024929891013e-4,0.004877808209469723,0.07640661619645796,NA,3.484777339948859,3.7655590419401316e-4,0.42605396525047784,5287.632306374242,0.5655,0.402,0.41736614583854215,0.5208226561878607,1.7197078708450244,0.012286183884390442,0.2311873192630031,0.7633589818964074,0.005453698840589609,0.9708286381115766,3.723261247373051,8323.786111910114,0.89,0.66,0.41736614583854215,0.8196855243274909,2.7065252078728057,0.020171346675864902,0.23113288588105174,0.7631792479423131,0.005687866176635188,0.9709309054027702,3.920320912047683,2522.3080509450638,0.27,0.16,0.41736614583854215,0.24866864221171073,0.8210806810400647,0.004890023436573309,0.231397298989673,0.7640523153840769,0.004550385626249959,0.9704343619542232,3.4017981261132104,0.1970596646746321,0.32146312125984045,26.2,4.418301291319746,45.3,4.656098202012832,21.3,4.328379603438738,0.23779691069308662,0.08992168788100763,11.8,8,8.7,default,0.00275,AFBC-spring,spring
Min,PFOS,85.73401274753382,0.08151412453309519,0.003985602047276406,0.004877808209469723,0.09872611160868491,NA,3.484777339948859,3.7655590419401316e-4,0.11187130892045845,304760.29195219587,0.63,1.15,0.02149377413061714,21.604971212378523,12.443547543954695,0.04541401133999506,0.6336896174343276,0.364978356376454,0.0013320261892184873,2.6846178314900713,5.483958380943653,455563.29956269934,0.94,4.1,0.02149377413061714,32.23598879307272,18.566563002091133,0.16191082303824325,0.6325189580545004,0.36430410620007275,0.0031769357454269785,2.685420876207265,5.658548729806964,169301.07556189797,0.35,0.61,0.02149377413061714,12.002761784654734,6.913081968863717,0.024089171232519118,0.6337277873338906,0.36500034062051007,0.0012718720455994357,2.6845916728201686,5.228659717170444,0.17459034886331093,0.25529866377320865,960,5.982271233039568,2790,6.445604203273597,595,5.77451696572855,0.4633329702340294,0.2077542673110182,11.8,8,8.7,default,0.00275,AFBC-spring,spring
Min,PFNA,6.147147227669788,0.027069598048461783,0.0022772491255909307,0.004877808209469723,0.07147715708700905,NA,3.484777339948859,3.7655590419401316e-4,0.05571842951413958,1773.9408393581098,0.013,0.05,0.021493774130617142,0.04794774837582435,0.049463906102463914,0.0014295431417401814,0.48509882043465424,0.5004381502196703,0.014463029345675487,2.134995779779206,3.248939132086043,2720.9691257934833,0.02,0.061,0.021493774130617142,0.07376576673203745,0.07609831708071373,0.001744042632923021,0.4865554931745032,0.501940884468235,0.011503622357261729,2.1336936183048265,3.4347236139688078,1172.199253161473,0.00864,0.02,0.021493774130617142,0.031866811228240186,0.03287447297886833,5.718172566960725e-4,0.4879084060324442,0.5033365778393912,0.00875501612816479,2.132487697866524,3.069001440345417,0.18578448188276475,0.1799376917406259,2.2,3.342422680822206,3.93,3.5943925503754266,1.44,3.1583624920952498,0.2519698695532204,0.1840601887269564,11.8,8,8.7,default,0.00275,AFBC-spring,spring
Min,PFOA,0.857340127475338,0.008137861258112436,3.835354453007802e-4,0.004877808209469723,0.01889625991955412,NA,3.484777339948859,3.7655590419401316e-4,0.10495014406664784,2761.850410860744,0.27,0.23,0.0915509391537649,0.18518546753467305,0.10293267506309359,0.001738455912598979,0.6388864993461607,0.35511585933211937,0.005997641321720023,1.0098363881802732,3.4412001523392606,4409.572239006345,0.43,0.52,0.0915509391537649,0.2949250038515163,0.16392981584122313,0.003930422063267257,0.637282646984255,0.3542243810956519,0.00849297192009309,1.010928006167263,3.6443964617468496,1428.2348543017595,0.14,0.066,0.0915509391537649,0.09602209427723787,0.05337249818086335,4.988612618762288e-4,0.6406023204763897,0.3560695737958701,0.003328105727740275,1.0086715916084905,3.1547996272867285,0.20319630940758904,0.2864005250525321,3.36,3.526339277389844,5.32,3.7259116322950483,2.85,3.45484486000851,0.1995723549052042,0.07149441738133389,11.8,8,8.7,default,0.00275,AFBC-spring,spring
Phy,PFOA,568.2907983129024,12.720670218844543,0,0.8,0,NA,NA,NA,13.520670218844543,9078.752047698197,0.27,0.23,0,122.75081243558694,0,0,1,0,0,1.5266623909649104,3.958026155123898,14458.75326114898,0.43,0.52,0,195.49203461963845,0,0,1,0,0,1.5266623909649104,4.160130846544497,4707.501061769436,0.14,0.066,0,63.64856941104508,0,0,1,0,0,1.5266623909649104,3.6727904266431484,0.20210469142059928,0.28523572848074963,NA,NA,NA,NA,NA,NA,NA,NA,11.8,8,8.7,default,NA,AFBC-spring,spring
Phy,PFOS,7546.935109009093,8.253369125873688,0,0.8,0,NA,NA,NA,9.053369125873688,210068.49726639828,0.63,1.15,0,1901.8276474702916,0,0,1,0,0,2.5230203792532704,5.3223609287068525,313435.53560383234,0.94,4.1,0,2837.647600987419,0,0,1,0,0,2.5230203792532704,5.496148232852969,116704.72070355457,0.35,0.61,0,1056.5709152612728,0,0,1,0,0,2.5230203792532704,5.067088423603546,0.1737873041461162,0.25527250510330646,NA,NA,NA,NA,NA,NA,NA,NA,11.8,8,8.7,default,NA,AFBC-spring,spring
Phy,PFHxS,1120.5000466351844,14.74031628561924,0,0.8,0,NA,NA,NA,15.540316285619241,37512.193674067945,0.5655,0.402,0,582.9513542624211,0,0,1,0,0,1.821739852721448,4.574172461982922,59037.75839066396,0.89,0.66,0,917.4654381848891,0,0,1,0,0,1.821739852721448,4.7711298593663605,17910.331197167718,0.27,0.16,0,278.33221158417984,0,0,1,0,0,1.821739852721448,4.253103616880435,0.19695739738343843,0.321068845102487,NA,NA,NA,NA,NA,NA,NA,NA,11.8,8,8.7,default,NA,AFBC-spring,spring
Phy,PFNA,1780.6078786442436,11.241844239525637,0,0.8,0,NA,NA,NA,12.041844239525638,1153.3732854505197,0.013,0.05,0,13.8887414534251,0,0,1,0,0,1.9480265357115236,3.0619698880183606,1774.420439154646,0.02,0.061,0,21.367294543730925,0,0,1,0,0,1.9480265357115236,3.249056531375505,766.549629714807,0.00864,0.02,0,9.23067124289176,0,0,1,0,0,1.9480265357115236,2.884540278190417,0.1870866433571443,0.17742960982794376,NA,NA,NA,NA,NA,NA,NA,NA,11.8,8,8.7,default,NA,AFBC-spring,spring
Phy,PFDA,5292.893234023786,8.682546495324564,0,0.8,0,NA,NA,NA,9.482546495324565,234.4322972089895,0.0012,0.05,0,2.22301515828999,0,0,1,0,0,2.2908361971917772,2.3700174432394023,918.1931640685424,0.0047,0.05,0,8.706809369969129,0,0,1,0,0,2.2908361971917772,2.9629340551274947,140.65937832539367,7.199999999999999e-4,0.02,0,1.3338090949739938,0,0,1,0,0,2.2908361971917772,2.1481686936230457,0.5929166118880924,0.2218487496163566,NA,NA,NA,NA,NA,NA,NA,NA,11.8,8,8.7,default,NA,AFBC-spring,spring
Pum,PFDA,30.359007901202762,0.03964042240194757,0.003281941958774684,0.0038050806776245396,0.0738778904947039,NA,7.811290681606764,0.00108202695001474,0.05374528035557547,536.6094559253802,0.0012,0.05,0.0070178353172286835,0.01275078331850516,0.01461188452176314,0.0014775578098940785,0.4421180150659941,0.5066494520191409,0.051232532914865014,2.650477075325997,2.729658321373622,1989.2937764828102,0.0047,0.05,0.0070178353172286835,0.04994056799747854,0.055497025919297505,0.0014775578098940785,0.46710468246027664,0.5190754072086651,0.013819910331058342,2.6266010660052577,3.298698923940975,314.2564214940901,7.199999999999999e-4,0.02,0.0070178353172286835,0.007650469991103095,0.00864830636167904,5.910231239576313e-4,0.4529639325581776,0.5120431638983804,0.03499290354344197,2.639951664360953,2.497284160792221,0.5690406025673531,0.23237416058140115,3.075,3.4878451201114355,9.29,3.968015713993642,1.2,3.0791812460476247,0.4801705938822063,0.4086638740638109,11.8,8,8.7,default,0.009519999999999999,AFBC-spring,spring
Pum,PFHxS,0.648205844377032,0.0019276152032044374,0.00189485497620063,0.0038050806776245396,0.06342132753237659,NA,7.811290681606764,0.00108202695001474,0.27787445640468006,4177.675120645332,0.5655,0.402,0.27024690554765046,0.3372355725955947,0.8134354811218767,0.010198149467206158,0.2905026437693734,0.7007124307289173,0.00878492550170941,0.8685020545309783,3.620934663792452,6577.600811875215,0.89,0.66,0.27024690554765046,0.5307509453759138,1.2802530742023464,0.01674323046854742,0.290385306481693,0.700454110473732,0.009160583044575028,0.8686775063964616,3.8180675130413744,1991.5403661253376,0.27,0.16,0.27024690554765046,0.16101433174325477,0.38832489993972885,0.004058964962072102,0.2909556495113189,0.7017097314265314,0.007334619062149714,0.8678253493018125,3.2991891134608,0.19713284924892216,0.3217455503316522,8.6,3.934498451243568,46.2,4.664641975556125,3.78,3.5774917998372255,0.7301435243125574,0.35700665140634236,11.8,8,8.7,default,0.009519999999999999,AFBC-spring,spring
Pum,PFNA,3.9803120899658007,0.017527715604047825,0.002507115075082461,0.0038050806776245396,0.059329628981900674,NA,7.811290681606764,0.00108202695001474,0.03775724989811914,2224.9745941009637,0.013,0.05,0.01391733854136432,0.031046434301733244,0.05177589488506504,0.0011865925796380138,0.36956115670725204,0.6163142413494328,0.014124601943315116,2.2333817040416855,3.347325056348522,3408.3924043840793,0.02,0.061,0.01391733854136432,0.04776374507958961,0.07948013573643284,0.0014476429471583765,0.3711491144318474,0.6176019477606997,0.011248937807452966,2.231519593144363,3.532549588808344,1466.5831938138895,0.00864,0.02,0.01391733854136432,0.02063393787438271,0.03426557323897481,4.746370318552054e-4,0.3726276351967065,0.6188009095709616,0.008571455232331899,2.2297929614483176,3.166306703927211,0.18522453245982184,0.18101835242131115,0.1725894416865994,2.237014223838613,3.67,3.5646660642520893,0.04947044177028727,1.694345788624569,1.3276518404134765,0.5426684352140438,11.8,8,8.7,default,0.009519999999999999,AFBC-spring,spring
Pum,PFOA,0.5551325107754879,0.005269310519573783,5.604420951201568e-4,0.0038050806776245396,0.015684844443490983,NA,7.811290681606764,0.00108202695001474,0.06891457663752354,2568.073183662528,0.27,0.23,0.059279743345205055,0.11990862232750539,0.055626048209973834,0.0014430056888011706,0.6775352964528273,0.3143111006771916,0.008153602869981014,0.9782436317206653,3.409607395879653,4104.799819347345,0.43,0.52,0.059279743345205055,0.19096558370676783,0.08865251038109148,0.0032624476442461247,0.6750750070593996,0.3133920411713843,0.011532951769216208,0.9798235269543981,3.6132919825339846,1326.4286606283058,0.14,0.066,0.059279743345205055,0.06217484120685465,0.02882134848691427,4.14079893308162e-4,0.6801734803727619,0.31529661401402126,0.004529905613216806,0.9765558615887602,3.1226838972669984,0.20368458665433176,0.28692349861265454,0.369,2.56702636615906,2.84,3.4533183400470375,0.08888011060635986,1.9488045863885026,0.8862919738879773,0.6182217797705576,11.8,8,8.7,default,0.009519999999999999,AFBC-spring,spring
Pum,PFOS,55.51325107754879,0.05278084993989109,0.003744908185125759,0.0038050806776245396,0.08194762930258694,NA,7.811290681606764,0.00108202695001474,0.07424817734400571,358611.4286066679,0.63,1.15,0.01391733854136432,13.989339271542294,12.599209767753639,0.037695909479189986,0.5253966264659425,0.4731876309255254,0.0014157426085319664,2.7552835765470434,5.5546241260006255,536460.3422694664,0.94,4.1,0.01391733854136432,20.872982405158343,18.823826113634766,0.13439411205624258,0.5240359574027066,0.47258995135275367,0.003374091244539879,2.7564097687504945,5.729537622350193,199211.7367897475,0.35,0.61,0.01391733854136432,7.77185515085683,6.999257989765898,0.019995221549831212,0.5254410258214942,0.4732071335280129,0.00135184065049296,2.755246877452591,5.299314921802867,0.17491349634956777,0.2553092041977587,595,5.77451696572855,3330,6.52244423350632,115,5.060697840353612,0.7479272677777704,0.713819125374938,11.8,8,8.7,default,0.009519999999999999,AFBC-spring,spring
Swa,PFDA,50.10337909927218,0.06542108087732915,0.003844429329728742,0.005066347548865477,0.091572025013559,NA,3.080680741914709,3.2050208754745655e-4,0.08591383251938194,435.834447465206,0.0012,0.05,0.01158197476345857,0.021043419221694313,0.01502720812880538,0.001373580375203385,0.5619939771685792,0.40132263550311825,0.03668338732830256,2.5601403069686732,2.639321553016298,1660.386924683857,0.0047,0.05,0.01158197476345857,0.08242005861830273,0.0588565651711544,0.001373580375203385,0.5777773617706542,0.4125936272983986,0.009629010930947333,2.548111446775577,3.2202093047112945,258.303091709647,7.199999999999999e-4,0.02,0.01158197476345857,0.012626051533016587,0.009016324877283226,5.49432150081354e-4,0.5689509937264763,0.4062906749015485,0.024758331371975254,2.554797107978222,2.4121296044094906,0.5808877516949966,0.22719194860680725,13.5,4.1303337684950066,32.1,4.506505032404872,7.9,3.8976270912904414,0.37617126390986577,0.23270667720456517,11.8,8,8.7,default,0.002275,AFBC-spring,spring
Swa,PFHxS,1.069774851038514,0.003181264539275218,9.99902104087939e-4,0.005066347548865477,0.07861106147317835,NA,3.080680741914709,3.2050208754745655e-4,0.45525297007284377,5777.563431663614,0.5655,0.402,0.44600545588061513,0.5565610640012975,2.064211354034149,0.00948049401366531,0.2115998280818196,0.7847957679575439,0.003604403960636425,1.009312113019532,3.761744722281006,9094.309116534827,0.89,0.66,0.44600545588061513,0.8759316480303354,3.248714597860995,0.015564990171689315,0.21156689794003605,0.7846736344182863,0.00375946764167769,1.0093797051907225,3.9587697118356355,2756.863961743586,0.27,0.16,0.44600545588061513,0.2657320729979669,0.9855651027218748,0.003773330950712561,0.21172680864193028,0.785266722055622,0.0030064693024477464,1.0090515720876132,3.4404153362466006,0.19702498955462966,0.3213293860344053,58.75,4.769007870943774,143,5.155336037465061,30.7,4.487138375477186,0.3863281665212872,0.2818694954665881,11.8,8,8.7,default,0.002275,AFBC-spring,spring
Swa,PFNA,6.568959243528902,0.028927090849337152,0.0027334430345424365,0.005066347548865477,0.07353938008781201,NA,3.080680741914709,3.2050208754745655e-4,0.05969554006810392,1871.3931085757058,0.013,0.05,0.02296865863535885,0.051237882099525435,0.059372849495311984,0.00110309070131718,0.4586530211426589,0.5314727244576225,0.009874254399718542,2.1582216735430166,3.272165025849853,2873.1815937954816,0.02,0.061,0.02296865863535885,0.07882751092234683,0.09134284537740306,0.0013457706556069598,0.45959241455390654,0.5325612640564014,0.007846321389692086,2.15733307992456,3.458363075588541,1238.866925697416,0.00864,0.02,0.02296865863535885,0.03405348471845383,0.03946010920303812,4.4123628052687204e-4,0.4604632939516131,0.5335704117668427,0.00596629428154413,2.1565109161658076,3.093024658644701,0.18619804973868792,0.17914036720515192,5.75,3.7596678446896306,16.1,4.20682587603185,1.04,3.0170333392987803,0.44715803134221943,0.7426345053908503,11.8,8,8.7,default,0.002275,AFBC-spring,spring
Swa,PFOA,0.9161700780285752,0.008696274378041468,4.6036785333510824e-4,0.005066347548865477,0.01944144531057099,NA,3.080680741914709,3.2050208754745655e-4,0.11205607653320858,2880.5848782456055,0.27,0.23,0.09783308675296652,0.19789273685417227,0.12355284299649122,0.0013414597264293985,0.6130752248090449,0.3827689090564693,0.004155866134485895,1.028116912352217,3.459480676511204,4595.598300353066,0.43,0.52,0.09783308675296652,0.3151625068418299,0.1967693425499675,0.0030328654684490747,0.6120079643269544,0.38210257299544825,0.005889462677597528,1.028873604566254,3.6623420601458405,1490.864499580547,0.14,0.066,0.09783308675296652,0.10261104873920043,0.06406443710929176,3.8494061714930563e-4,0.6142151729769705,0.38348062712785896,0.0023041998951707126,1.0273101377823992,3.1734381734606374,0.20286138363463646,0.28604250305056667,2.76,3.4409090820652177,8.3,3.9190780923760737,0.898,2.9532763366673045,0.478169010310856,0.48763274539791324,11.8,8,8.7,default,0.002275,AFBC-spring,spring
Swa,PFOS,91.61700780285753,0.08710755444730428,0.0047840247393919795,0.005066347548865477,0.1015745077458093,NA,3.080680741914709,3.2050208754745655e-4,0.11992658537092057,317351.2528160099,0.63,1.15,0.02296865863535884,23.0874859663201,14.936322941915403,0.035043205172304207,0.6066259144528054,0.3924533219606343,9.207635865601628e-4,2.702199667675694,5.501540217129276,474114.0054129407,0.94,4.1,0.02296865863535884,34.44799493387443,22.28594216730235,0.12493664452734542,0.6058508138578298,0.3919518748643192,0.0021973112778510637,2.702754931045808,5.675882784645506,176298.91113698971,0.35,0.61,0.02296865863535884,12.826381092400053,8.297957189953,0.018588134917483103,0.6066511720876474,0.39246966224953794,8.791656628147484e-4,2.70218158565377,5.246249630004046,0.17434256751623067,0.2552905871252298,1170,6.068185861746161,4620,6.664641975556125,680,5.832508912706237,0.596456113809964,0.23567694903992464,11.8,8,8.7,default,0.002275,AFBC-spring,spring
Bas,PFOA,0.6387040515030665,0.0060625704893018315,1.9520729925697982e-4,0.00348227471044227,0.028852779398743394,NA,14.00006368000579,0.0031006283948069894,0.07794397050364668,4002.659062498008,0.435,0.23,0.0682039180046456,0.22226900992306717,0.08440521857106283,0.005308911409368785,0.7124391721675036,0.2705441665763434,0.017016661256152858,0.9638593424980498,3.602348599452687,10103.42172982642,1.1,0.52,0.0682039180046456,0.5620595653226986,0.2134384837429175,0.012002756229877252,0.7137257023017233,0.2710327180717347,0.015241579626542054,0.9630757962199782,4.004468481378203,2000.3861406015853,0.219,0.066,0.0682039180046456,0.11190094982333727,0.04249366176336266,0.0015234267522536513,0.7176908522930067,0.2725384581287816,0.009770689578211863,0.9606697220967471,3.3011138369368656,0.40211988192551607,0.3012347625158216,0.7455,2.8724476477890133,0.957,2.9809119377768436,0.534,2.727541257028556,0.10846428998783031,0.14490639076045708,20.25,8,6.475,default,0.014830000000000001,AFBC-summer,summer
Bas,PFOS,63.87040515030665,0.06072665903009542,0.002028544222169012,0.00348227471044227,0.15074531845285497,NA,14.00006368000579,0.0031006283948069894,0.08224998009502041,477810.77126196324,1.1,1.15,0.01601250213231372,28.10297826613493,11.058262466371268,0.13868569297662656,0.7150898442372762,0.28138125111605494,0.0035289046466687552,2.6378632506426296,5.679255935800855,832736.9675737862,1.91,4.1,0.01601250213231372,48.79698953483428,19.201164827971926,0.49444464452536424,0.7124417855659262,0.280339264479022,0.0072189499550519036,2.639474477411699,5.920507844659427,282240.75979962136,0.65,0.61,0.01601250213231372,16.60630533907973,6.534427821037568,0.07356371540499322,0.7153481937499393,0.28148290926388664,0.0031688969861740916,2.6377063759427233,5.450619732585579,0.24125190885857162,0.22863620321527556,1680,6.225309281725863,1690,6.227886704613674,1670,6.222716471147583,0.0025774228878105987,0.0025928105782799804,20.25,8,6.475,default,0.014830000000000001,AFBC-summer,summer
Bas,PFDA,34.92935645045274,0.04560802673229921,0.0016301326454573237,0.00348227471044227,0.13590077253031307,NA,14.00006368000579,0.0031006283948069894,0.05879475825925794,629.2973327804955,0.0018,0.05,0.008074324171059136,0.02200549456378522,0.009557859089027287,0.005436030901212524,0.5947529892464474,0.2583248128106369,0.14692219794291572,2.5435833859304218,2.7988558910337282,897.7171255248809,0.0027,0.05,0.008074324171059136,0.033008241845677834,0.014336788633540933,0.005436030901212524,0.6253804107455051,0.2716275167375913,0.1029920725169037,2.521775746030599,2.9531395101895863,484.3494201573323,0.0015,0.02,0.008074324171059136,0.018337912136487687,0.007964882574189407,0.002174412360485009,0.6439505142011579,0.27969324921105665,0.07635623658778541,2.509067525098463,2.685158784154144,0.1542836191558581,0.11369710687958401,10.015,4.000650953629595,10.1,4.004321373782642,9.93,3.996949248495381,0.0036704201530470826,0.003701705134214084,20.25,8,6.475,default,0.014830000000000001,AFBC-summer,summer
Bas,PFHxS,0.7457889620502073,0.0022178049675125318,4.2398309926800626e-4,0.00348227471044227,0.11666558626448416,NA,14.00006368000579,0.0031006283948069894,0.3170548588106381,6251.742054082733,0.8705,0.402,0.3109307960334153,0.5972725481475291,1.3473529935875421,0.03751965254265811,0.3013263356649149,0.6797448529387383,0.018928811396346692,0.8562322753398128,3.796001050793163,15131.46784557986,2.12,0.66,0.3109307960334153,1.4545867915827244,3.2813191802476616,0.06159942954764764,0.30319648856776893,0.6839636239503007,0.012839887481930474,0.8535451983776481,4.1798810593064,3570.019885228296,0.5,0.16,0.3109307960334153,0.34306292254309534,0.7738960330772786,0.014933195041853973,0.3030879950376739,0.6837188795986446,0.01319312536368162,0.853700630829639,3.552670635165658,0.3838800085132368,0.24333041562750513,36.55,4.562887381293879,42.9,4.632457292184724,30.2,4.480006942957151,0.06956991089084497,0.08288043833672809,20.25,8,6.475,default,0.014830000000000001,AFBC-summer,summer
Bas,PFNA,4.579521841652602,0.020166397666496,0.0011590471154323326,0.00348227471044227,0.10913877424742066,NA,14.00006368000579,0.0031006283948069894,0.04082022162468432,2287.276498684395,0.019,0.05,0.01601250213231372,0.052206548994839654,0.03679503362849249,0.004365550969896827,0.5591533871253567,0.3940897852642323,0.04675682761041107,2.0805650667560243,3.359318667708853,4491.135278870652,0.038,0.061,0.01601250213231372,0.10441309798967931,0.07359006725698498,0.0053259721832741285,0.5695390239294728,0.40140955381469773,0.029051422255829448,2.072572540160936,3.652356136777746,1119.1731603271137,0.009380000000000001,0.02,0.01601250213231372,0.025773548924820842,0.018165127128171567,0.0017462203879587306,0.5641590751581059,0.3976177805645339,0.03822314427736011,2.0766944481104264,3.0488972864894905,0.29303746906889305,0.3104213812193626,1.4849999999999999,3.171726453653231,1.8,3.255272505103306,1.17,3.0681858617461617,0.08354605145007499,0.10354059190706932,20.25,8,6.475,default,0.014830000000000001,AFBC-summer,summer
Dac,PFNA,7.993134254058767,0.03519859267902754,0.002943074239144594,0.0047872914759806194,0.13856361432709746,NA,4.9761421247696305,8.016515618157746e-4,0.07087730839935732,2652.703194673044,0.019,0.05,0.027948350005204556,0.09112173049626994,0.09343064156635442,0.003464090358177437,0.4846476171449782,0.4969279836637189,0.018424399191302815,2.1449350594604644,3.4236886604132932,5267.284308522223,0.038,0.061,0.027948350005204556,0.18224346099253988,0.18686128313270883,0.004226190236976473,0.4881552644542382,0.5005245103836111,0.011320225162150645,2.141803163982929,3.721586760599739,1305.0189169797156,0.009380000000000001,0.02,0.027948350005204556,0.04498535958184274,0.04612523252065288,0.0013856361432709747,0.48634804288791805,0.4986714960754517,0.014980461036630357,2.1434139686824842,3.115616807061549,0.2978981001864458,0.30807185335174436,2.06,3.3138672203691533,9.73,3.988112840268352,0.1235,2.0916669575956846,0.6742456198991986,1.2222002627734687,20.25,8,6.475,default,0.00302,AFBC-summer,summer
Dac,PFOA,1.114799188387091,0.010581659291354536,4.956740464531598e-4,0.0047872914759806194,0.03663176010946255,NA,4.9761421247696305,8.016515618157746e-4,0.13490829184152683,4495.543457658208,0.435,0.23,0.11904366702773853,0.3879501175587077,0.2143233188007244,0.0042126524125881935,0.6396686168749687,0.3533853830591143,0.006946000065916996,1.0142929433182786,3.6527822002729162,11359.67652950945,1.1,0.52,0.11904366702773853,0.9810232857806401,0.5419670130593031,0.009524257628460263,0.6401396199729125,0.35364558905609134,0.00621479097099632,1.013973279715964,4.055365964874189,2256.5134215314847,0.219,0.066,0.11904366702773853,0.19531281780541834,0.10790070532726123,0.0012088480836122642,0.6415849696757298,0.3544440735290044,0.0039709567952658075,1.0129938061668229,3.3534379210069414,0.40258376460127243,0.29934427926597484,2.09,3.3201462861110542,5.39,3.7315887651867388,1.17,3.0681858617461617,0.41144247907568454,0.2519604243648925,20.25,8,6.475,default,0.00302,AFBC-summer,summer
Dac,PFDA,60.96597967432991,0.07960461666941501,0.004139263478900542,0.0047872914759806194,0.17254089906630912,NA,4.9761421247696305,8.016515618157746e-4,0.10262416197168522,652.7856986383049,0.0018,0.05,0.014092990347389053,0.03840856719482784,0.024269495598371542,0.004313522476657728,0.573334203693039,0.36227677701025557,0.06438901929670561,2.5594981261349874,2.8147706312382934,958.16243248434,0.0027,0.05,0.014092990347389053,0.057612850792241765,0.036404243397557316,0.004313522476657728,0.585909584882071,0.37022287291294664,0.04386754220498228,2.5500753749319234,2.9814391390909107,525.7741154552189,0.0015,0.02,0.014092990347389053,0.0320071393290232,0.02022457966530962,0.0017254089906630912,0.5931957560440126,0.3748268379097856,0.03197740604620177,2.544707942357725,2.7207992014134064,0.16666850785261733,0.09397142982488704,6.13,3.787460474518415,11.1,4.045322978786658,4.53,3.656098202012832,0.25786250426824253,0.1313622725055832,20.25,8,6.475,default,0.00302,AFBC-summer,summer
Dac,PFHxS,1.301706052505963,0.003870974627396674,0.001076585861501334,0.0047872914759806194,0.14811972566000073,NA,4.9761421247696305,8.016515618157746e-4,0.5524359640791475,8133.939014753438,0.8705,0.402,0.5427011121142689,1.0424843092099256,3.421224067308721,0.02977206485766015,0.23199929827459614,0.7613750881846134,0.006625613540790505,0.9705321364490829,3.910300911902433,19766.479907100587,2.12,0.66,0.5427011121142689,2.53884748480763,8.331987389654783,0.048879509467800245,0.23250127206109672,0.7630224653051723,0.004476262633730862,0.9695934743921307,4.295929335320882,4662.487410615318,0.5,0.16,0.5427011121142689,0.5987847841527429,1.9650913654846185,0.011849578052800059,0.23247226120217243,0.762927257494476,0.004600481303351513,0.9696476678249226,3.6686176721609414,0.3856284234184493,0.24168323974149164,49.1,4.691081492122969,90.1,4.954724790979063,19.9,4.298853076409706,0.2636432988560946,0.3922284157132623,20.25,8,6.475,default,0.00302,AFBC-summer,summer
Dac,PFOS,111.47991883870908,0.10599279907634176,0.005150917649283236,0.0047872914759806194,0.19138767419509053,NA,4.9761421247696305,8.016515618157746e-4,0.14387935820681017,536842.5411650861,1.1,1.15,0.02794835000520455,49.051164289032,28.079348079251478,0.11004791266217705,0.6350441285073427,0.36353112894467604,0.0014247425479812913,2.688454238286626,5.7298469234448515,933552.6884225801,1.91,4.1,0.02794835000520455,85.17065799277374,48.75595893760937,0.3923447320999356,0.6340925878119185,0.3629864192973993,0.002920992890682257,2.689105466708984,5.970138833956712,317178.8834359997,0.65,0.61,0.02794835000520455,28.984778898064363,16.592342046830417,0.05837324062950261,0.6351367376505462,0.3635841430658498,0.0012791192836040062,2.68839090928993,5.501304265932785,0.2402919105118606,0.22854265751206615,708,5.850033257689769,1020,6.008600171761918,560,5.748188027006201,0.15856691407214907,0.10184523068356821,20.25,8,6.475,default,0.00302,AFBC-summer,summer
Dar,PFHxS,1.7299305760806023,0.005144415941121275,0.002274425915892831,0.005632099249421903,0.16732014053821576,NA,2.9343126227189966,4.018082227978658e-4,0.7342853900913153,6088.793072942626,0.8705,0.402,0.7212344489848793,1.3854322011599114,3.07202705629179,0.013452539299272549,0.30987688063242697,0.6871142165059578,0.0030089028616150626,0.8447624393950267,3.7845312148483767,14813.465715390652,2.12,0.66,0.7212344489848793,3.374056595587607,7.481168597291299,0.022086258551044482,0.3101921472648508,0.6877773639834328,0.002030488751716398,0.8443208157549863,4.170656676683738,3493.9469238593615,0.5,0.16,0.7212344489848793,0.7957680649970771,1.7644318704501225,0.0053542444972229045,0.3101739465172066,0.6877390796277572,0.0020869738550362217,0.8443462990441277,3.5433163033801467,0.3861254618353609,0.24121491146823004,44.4,4.64738297011462,44.4,4.64738297011462,44.4,4.64738297011462,0,0,20.25,8,6.475,default,0.00134,AFBC-summer,summer
Dar,PFOS,148.15366329963607,0.14086143612341506,0.006202621060628197,0.005632099249421903,0.2161968124158666,NA,2.9343126227189966,4.018082227978658e-4,0.18983872416749997,537432.6689944485,1.1,1.15,0.03714256773403482,65.18761185183988,36.7881950891449,0.04972526685564931,0.6389342985150375,0.3605783208677819,4.873806171807261e-4,2.688931377260448,5.730324062418673,933743.6375777121,1.91,4.1,0.03714256773403482,113.18939876092196,63.89402071017039,0.1772813861810106,0.6385476206147899,0.36045226269085173,0.0010001166943582936,2.689194288352911,5.970227655600638,317555.16401559464,0.65,0.61,0.03714256773403482,38.519952457905376,21.73793872050157,0.026376011114735726,0.6389718952178077,0.3605905775077573,4.3752727443488394e-4,2.6889058228956038,5.501819179538459,0.23990359318196486,0.2285048828802143,662,5.8208579894397,662,5.8208579894397,662,5.8208579894397,0,0,20.25,8,6.475,default,0.00134,AFBC-summer,summer
Dar,PFDA,81.02206495567378,0.10579228705934422,0.0052240874370874536,0.005632099249421903,0.19490697374523341,NA,2.9343126227189966,4.018082227978658e-4,0.13537765985006078,645.8119249731694,0.0018,0.05,0.018729186104207218,0.051043900922074475,0.034435536446603895,0.0019490697374523345,0.5838358975992985,0.39387080468847663,0.022293297712224814,2.5548335549371264,2.8101060600404324,959.8859644915099,0.0027,0.05,0.018729186104207218,0.07656585138311173,0.05143219447521509,0.0019490697374523345,0.589207779119021,0.3957932751289608,0.014998945752018237,2.5508558772829004,2.982219641441888,530.5222709051627,0.0015,0.02,0.018729186104207218,0.04253658410172873,0.02850465153677125,7.796278949809336e-4,0.592259435615103,0.3968853914361969,0.010855172948700241,2.548612360903077,2.7247036199587584,0.17211358140145538,0.08540244008167397,3.97,3.598790506763115,3.97,3.598790506763115,3.97,3.598790506763115,0,0,20.25,8,6.475,default,0.00134,AFBC-summer,summer
Dar,PFNA,10.622649651350637,0.04677793545880256,0.0038670723225295127,0.005632099249421903,0.15652529276155666,NA,2.9343126227189966,4.018082227978658e-4,0.0934196747647888,2676.2888386718687,0.019,0.05,0.03714256773403483,0.12109820602539724,0.12735457393234748,0.0015652529276155669,0.48435788662061785,0.5093815532527721,0.00626056012661005,2.148779381936676,3.4275329828895047,5336.0574635575895,0.038,0.061,0.03714256773403483,0.24219641205079448,0.25438673214928836,0.0019096085716909913,0.4858574386570467,0.5103117963798259,0.003830764963127302,2.1474369011979033,3.727220497814714,1319.2573332469312,0.009380000000000001,0.02,0.03714256773403483,0.05978427223780138,0.06283421759414327,6.261011710462267e-4,0.4850863778382822,0.5098334708467525,0.005080151314965479,2.148126678553724,3.1203295169327885,0.2996875149252092,0.3072034659567162,2.69,3.429752280002408,2.69,3.429752280002408,2.69,3.429752280002408,0,0,20.25,8,6.475,default,0.00134,AFBC-summer,summer
Dar,PFOA,1.4815366329963606,0.014062726311013874,7.728222117141395e-4,0.005632099249421903,0.04138024981052648,NA,2.9343126227189966,4.018082227978658e-4,0.17867331877105602,4029.8347964201976,0.435,0.23,0.1582056709989061,0.5155747482827335,0.20254571740146182,0.0019034914912842184,0.7160522134641709,0.2813041363179235,0.0026436502179056133,0.966797985594979,3.605287242549616,10187.427248671565,1.1,0.52,0.1582056709989061,1.3037522370367975,0.5121656532417446,0.004303545980294754,0.7162602368404384,0.28137546511616524,0.0023642980433962904,0.966671835179913,4.008064520338138,2026.4214108209085,0.219,0.066,0.1582056709989061,0.2595652181009624,0.10195600130163596,5.462192974989497e-4,0.7168974349995662,0.2815939529599257,0.0015086120405082505,0.9662856506475892,3.3067297654877077,0.4027772777885219,0.2985574770619084,3.7,3.568201724066995,3.7,3.568201724066995,3.7,3.568201724066995,0,0,20.25,8,6.475,default,0.00134,AFBC-summer,summer
Fal,PFDA,52.49726040579419,0.06854682419804217,0.007189064161416832,0.004395163757005386,0.16182885058541516,NA,6.569251775103434,0.001152719351093034,0.09226640019280707,929.9506433054916,0.0018,0.05,0.01213534807634269,0.03307327405565033,0.051111635653278385,0.0016182885058541518,0.38545502666300613,0.5956845049683994,0.01886046836859445,2.7131873940862254,2.9684598991895315,1377.6635209291226,0.0027,0.05,0.01213534807634269,0.049609911083475504,0.07588385416374842,0.0016182885058541518,0.39028486771085763,0.5969839360093799,0.012731196279762448,2.7077793947422673,3.1391431589012546,759.9980845960101,0.0015,0.02,0.01213534807634269,0.027561061713041946,0.04191391030371871,6.473154023416606e-4,0.39304282172537797,0.5977259420134199,0.009231236261202208,2.7047212386850683,2.8808124977407497,0.17068325971172316,0.0876474014487818,8.43,3.9258275746247424,13,4.113943352306837,4.62,3.6646419755561257,0.18811577768209453,0.2611855990686167,20.25,8,6.475,default,0.00463,AFBC-summer,summer
Fal,PFOA,0.9599436211072151,0.009111772275473344,0.0012276433377517541,0.004395163757005386,0.034357509816595834,NA,6.569251775103434,0.001152719351093034,0.11724201746930561,4581.653606033467,0.435,0.23,0.10250743809907513,0.33406038014531086,0.20152148652000856,0.0015804454515634086,0.6218983957173482,0.3751593921878847,0.0029422120947672045,1.022532994490852,3.6610222514454893,11581.610317588393,1.1,0.52,0.10250743809907513,0.8447503865743494,0.5095277915821133,0.003573181020925967,0.6221228714504617,0.3752456321071803,0.002631496442357774,1.0223762631296713,4.063768948287897,2303.2469635038456,0.219,0.066,0.10250743809907513,0.1681821224179841,0.10140167918367982,4.535191295790651e-4,0.6228106617357858,0.37550986992868557,0.0016794683355284578,1.0218963924409141,3.3623405072810324,0.4027466968424074,0.2986817441644569,1.955,3.2911467617318855,2.14,3.330413773349191,1.69,3.2278867046136734,0.0392670116173055,0.06326005711821203,20.25,8,6.475,default,0.00463,AFBC-summer,summer
Fal,PFOS,95.9943621107215,0.09126945230722883,0.008203187490718343,0.004395163757005386,0.17950554041859124,NA,6.569251775103434,0.001152719351093034,0.12793387804392334,731037.9369698421,1.1,1.15,0.024066074488970787,42.23751932871746,51.245712670767354,0.04128627429627598,0.45161974750912387,0.5479388038198931,4.4144867098289326e-4,2.82254722995169,5.863939915109914,1270390.4432826955,1.91,4.1,0.024066074488970787,73.33969265259122,89.03908884335962,0.14719454314324482,0.45124905224350137,0.547845279956615,9.056677998835001e-4,2.822903850797194,6.103937218044922,431942.48227790784,0.65,0.61,0.024066074488970787,24.95853414878759,30.279643025012724,0.02189967593106813,0.45165579875426676,0.5479478993008298,3.96301944903549e-4,2.82251256310633,5.635425919749186,0.23999730293500754,0.22851399536072847,758.5,5.879955585122749,844,5.926342446625655,556,5.7450747915820575,0.046386861502905496,0.1348807935406917,20.25,8,6.475,default,0.00463,AFBC-summer,summer
Fal,PFHxS,1.1208874519074976,0.0033332616669855706,0.004150662678255336,0.004395163757005386,0.13892384404101793,NA,6.569251775103434,0.001152719351093034,0.47919416705886153,7772.70857208346,0.8705,0.402,0.4673150789566152,0.8976739247346387,2.8157932081952697,0.011169477060897843,0.24100980007734352,0.7559913900438787,0.0029988098787777887,0.9508036092328778,3.890572384686228,18908.136263219953,2.12,0.66,0.4673150789566152,2.1861788862003837,6.856151773675341,0.01833794741341437,0.24128229173304533,0.756693801620743,0.002023906646211719,0.9503128624964592,4.276648723425211,4459.756901188663,0.5,0.16,0.4673150789566152,0.515608227877449,1.617035702663349,0.004445563009312574,0.24126655876302402,0.7566532461760159,0.002080195060960059,0.9503411818761847,3.6493111862122034,0.38607633873898317,0.2412611984740245,17,4.230448921378274,29.3,4.466867620354109,13.8,4.139879086401237,0.236418698975835,0.09056983497703719,20.25,8,6.475,default,0.00463,AFBC-summer,summer
Fal,PFNA,6.882816492662368,0.030309193679150036,0.005491812884330348,0.004395163757005386,0.1299610153932103,NA,6.569251775103434,0.001152719351093034,0.06426224480945655,4068.167311373214,0.019,0.05,0.02406607448897079,0.07846410801635098,0.18166584551901102,0.0012996101539321033,0.30013479313152447,0.694894039355544,0.004971167512931607,2.3306452048789827,3.6093988058318116,8102.793649375668,0.038,0.061,0.02406607448897079,0.15692821603270196,0.36218996871618997,0.001585524387797166,0.3013771810707555,0.6955778542785684,0.0030449646506761343,2.328851182426229,3.908634779043039,2004.36142944204,0.009380000000000001,0.02,0.02406607448897079,0.03873649122070381,0.08954842958316002,5.198440615728412e-4,0.30073802984829107,0.6952260630785821,0.0040359070731267295,2.329773198506353,3.3019760368854176,0.2992359732112275,0.307422768946394,0.11649999999999999,2.0663259253620376,2.46,3.3909351071033793,0.1065,2.0273496077747564,1.3246091817413417,0.03897631758728126,20.25,8,6.475,default,0.00463,AFBC-summer,summer
Mad,PFHxS,1.2078424624861381,0.003591845883465877,0.004285720538130681,0.004586875354575146,0.14344426849278835,NA,5.718140265440705,9.614364949158215e-4,0.5160323912284629,7531.041903546333,0.8705,0.402,0.5035679494522912,0.9673127145066487,2.9074159282352996,0.011532919186820185,0.2489057154522989,0.7481266718425242,0.002967612705176835,0.9370862886170301,3.87685506407038,18320.465780315575,2.12,0.66,0.5035679494522912,2.3557759388329638,7.079243182761462,0.018934643441048064,0.2491842034964854,0.7488129684897924,0.0020028280137222585,0.9366006500651626,4.262936510993914,4321.143399494811,0.5,0.16,0.5035679494522912,0.5556075327436235,1.6696522119470034,0.004590216591769228,0.24916812448856032,0.7487733439189691,0.0020585315924706317,0.9366286745130346,3.6355986788490533,0.38608144692353363,0.24125638522132675,42.6,4.629409599102719,62.6,4.79657433321043,21.6,4.334453751150931,0.16716473410771027,0.29495584795178864,20.25,8,6.475,default,0.0037400000000000003,AFBC-summer,summer
Mad,PFNA,7.416764285468679,0.03266048796165402,0.005670510252073389,0.004586875354575146,0.13418979955776972,NA,5.718140265440705,9.614364949158215e-4,0.06885092030164415,3971.9157843347693,0.019,0.05,0.025933046733341594,0.08455111285434293,0.187577046262155,0.0013418979955776974,0.30917868576628676,0.6859143858125598,0.004906928421153437,2.32024643071683,3.5990000316696587,7911.507336848884,0.038,0.061,0.025933046733341594,0.16910222570868585,0.3739752198519649,0.0016371155546047907,0.31044190440303965,0.6865526397647298,0.003005455832230626,2.3184756385509675,3.8982592351677776,1956.9897106522365,0.009380000000000001,0.02,0.025933046733341594,0.041741549398617725,0.092462234002406,5.367591982310788e-4,0.309792053626839,0.686224296108166,0.003983650264994906,2.319385703876431,3.2915885422554956,0.29925920349811896,0.3074114894141631,0.25,2.3979400086720375,0.617,2.7902851640332416,0.2225,2.3473300153169503,0.39234515536120407,0.0506099933550872,20.25,8,6.475,default,0.0037400000000000003,AFBC-summer,summer
Mad,PFDA,56.56983685061659,0.07386447657529874,0.007422988162332181,0.004586875354575146,0.16709457799339142,NA,5.718140265440705,9.614364949158215e-4,0.09895111125126603,910.3959744628478,0.0018,0.05,0.013076771159059959,0.035638997215888445,0.05277475035595564,0.0016709457799339146,0.39561656803025613,0.5858348226803841,0.018548609289359756,2.7039578236132904,2.959230328716597,1348.9739397552937,0.0027,0.05,0.013076771159059959,0.05345849582383268,0.0783530287840181,0.0016709457799339146,0.4004907585882138,0.586991149897001,0.012518091514785354,2.6986397956465016,3.130003559805489,744.2592930385921,0.0015,0.02,0.013076771159059959,0.029699164346573707,0.04327774144670306,6.683783119735657e-4,0.40327313157118216,0.5876512253636306,0.009075643065187327,2.695633007024497,2.8717242660801783,0.17077323108889209,0.08750606263641858,5.78,3.761927838420529,7.47,3.873320601815399,3.96,3.597695185925512,0.11139276339486992,0.16423265249501684,20.25,8,6.475,default,0.0037400000000000003,AFBC-summer,summer
Mad,PFOA,1.034413102932733,0.009818635621347731,0.0012675894607541347,0.004586875354575146,0.03547546425090464,NA,5.718140265440705,9.614364949158215e-4,0.12613275117683898,4516.562060060449,0.435,0.23,0.11045965074016198,0.3599757598205911,0.2080787673202231,0.0016318713555416137,0.631884069499851,0.36525142230783686,0.002864508192312147,1.016318725101156,3.6548079820557935,11417.179233246921,1.1,0.52,0.11045965074016198,0.9102835305808051,0.526107248505608,0.003689448282094083,0.6321061238679653,0.3653319020058877,0.002561974126147055,1.0161661337468042,4.057558818905029,2270.612699732575,0.219,0.066,0.11045965074016198,0.18122917563381485,0.10470117491241264,4.6827612811194136e-4,0.6327864687699374,0.3655784810430223,0.0016350501870402217,1.0156989477312792,3.3561430625713977,0.40275083684923585,0.2986649194843958,0.823,2.91539983521227,1.31,3.1172712956557644,0.684,2.835056101720116,0.20187146044349458,0.08034373349215373,20.25,8,6.475,default,0.0037400000000000003,AFBC-summer,summer
Mad,PFOS,103.44131029327329,0.09834985647927658,0.00847010991552939,0.004586875354575146,0.18534644728190033,NA,5.718140265440705,9.614364949158215e-4,0.13733988848272272,716980.3134939602,1.1,1.15,0.025933046733341587,45.514176529040256,52.91319008765298,0.04262968287483707,0.46221365125856007,0.5373534282125801,4.32920528859856e-4,2.8141145460209875,5.855507231179213,1245941.4881823903,1.91,4.1,0.025933046733341587,79.0291610640608,91.93631989213512,0.15198408677115827,0.46184158375778195,0.5372702305346224,8.881857075956304e-4,2.814464280247022,6.095497647494749,423637.0211210884,0.65,0.61,0.025933046733341587,26.894740676251057,31.26490829510368,0.02261226656839184,0.4622498353281789,0.5373615192997216,3.88645372099309e-4,2.814080548914548,5.626993905557404,0.23999041631553641,0.22851332562180904,493,5.69284691927723,792,5.898725181589493,342,5.534026106056135,0.2058782623122637,0.15882081322109443,20.25,8,6.475,default,0.0037400000000000003,AFBC-summer,summer
Min,PFDA,64.07439807285168,0.08366334674124014,0.006342641699516221,0.004925280859708285,0.17625762117156055,NA,4.537160079753281,7.104537961069055e-4,0.10974280646232339,738.8224973617818,0.0018,0.05,0.014811537161858745,0.040366870785896555,0.03718843112865668,0.0035251524234312117,0.4978619214148329,0.45866086262462763,0.0434772159605395,2.6132676062606213,2.8685401113639277,1092.1727734055212,0.0027,0.05,0.014811537161858745,0.06055030617884483,0.05578264669298503,0.0035251524234312117,0.505183241714725,0.46540571082421867,0.02941104746105634,2.606927581720151,3.0382913458791383,601.7659048492868,0.0015,0.02,0.014811537161858745,0.03363905898824713,0.030990359273880566,0.0014100609693724845,0.5093780172058295,0.4692701946549946,0.02135178813917568,2.6033363185735596,2.779427577629241,0.16975123451521057,0.08911253373468675,4.58,3.660865478003869,5.78,3.761927838420529,1.61,3.2068258760318495,0.10106236041665984,0.45403960197201965,20.25,8,6.475,default,0.00262,AFBC-summer,summer
Min,PFHxS,1.3680749858798062,0.004068340581594195,0.0016496650703863123,0.004925280859708285,0.1513103886365089,NA,4.537160079753281,7.104537961069055e-4,0.5810146194738073,10950.410826201523,0.8705,0.402,0.5703713329621185,1.0956365331917017,5.242381535582885,0.024330710492750634,0.17220629852327443,0.823969530351113,0.003824171125612586,1.099661637440177,4.039430412893527,26635.200421077127,2.12,0.66,0.5703713329621185,2.668293452459974,12.767201442200708,0.03994594260003835,0.17242115946935985,0.8249975930547131,0.002581247475927097,1.0991201081267834,4.425455969055535,6282.338949227376,0.5,0.16,0.5703713329621185,0.6293144935047109,3.0111324156133743,0.00968386487273657,0.1724087525819406,0.8249382288079484,0.002653018610111014,1.0991513597239204,3.798121364059939,0.38602555616200807,0.24130904883358761,108,5.033423755486949,298,5.474216264076255,56.2,4.749736315569061,0.44079250858930585,0.28368743991788836,20.25,8,6.475,default,0.00262,AFBC-summer,summer
Min,PFOS,117.1638467052839,0.11139696002839562,0.007892811182388356,0.004925280859708285,0.1955103767149156,NA,4.537160079753281,7.104537961069055e-4,0.1535883798391737,616376.9676922255,1.1,1.15,0.029373327768681436,51.55209255032492,43.02631251441784,0.08993477328886118,0.5445547332775199,0.45449526830228254,9.499984201976172e-4,2.748453716804026,5.789846401962251,1071325.4513772423,1.91,4.1,0.029373327768681436,89.5131788828369,74.70932445685277,0.32063701781246157,0.5440103956224005,0.4540409542113525,0.0019486501662470705,2.7488880552801325,6.029921422527861,364187.34247296734,0.65,0.61,0.029373327768681436,30.462600143373816,25.42463921306508,0.04770453191843941,0.5446076821704741,0.4545394604097767,8.528574197491765e-4,2.7484114909399584,5.561324847582814,0.2400750205656097,0.22852155437943722,792,5.898725181589493,3680,6.565847818673518,368,5.565847818673518,0.6671226370840246,0.33287736291597536,20.25,8,6.475,default,0.00262,AFBC-summer,summer
Min,PFNA,8.400673109497394,0.0369932321430372,0.004509706977853149,0.004925280859708285,0.14154842807931478,NA,4.537160079753281,7.104537961069055e-4,0.07580154774928008,3189.427008015371,0.019,0.05,0.029373327768681443,0.09576767344827028,0.14316486163106407,0.0028309685615862962,0.3961213003866343,0.592169039060998,0.011709660552367713,2.2249590665529695,3.5037126675057984,6349.723272086819,0.038,0.061,0.029373327768681443,0.19153534689654056,0.28632972326212813,0.003453781645135281,0.3979385934682121,0.5948857440116274,0.007175662520160581,2.2229712020571397,3.80275479867395,1571.0709201905183,0.009380000000000001,0.02,0.029373327768681443,0.047278988260251335,0.07067823168944112,0.0011323874246345182,0.39700347748768894,0.5934878218825814,0.009508700629729637,2.2239929517227837,3.1961957901018483,0.2990421311681515,0.30751687740395006,1.97,3.294466226161593,5.29,3.7234556720351857,1.83,3.2624510897304293,0.4289894458735928,0.032015136431163604,20.25,8,6.475,default,0.00262,AFBC-summer,summer
Min,PFOA,1.171638467052839,0.011121176979807015,7.595271217759782e-4,0.004925280859708285,0.03742084880257747,NA,4.537160079753281,7.104537961069055e-4,0.1419192259841202,5211.295511693984,0.435,0.23,0.12511324102282892,0.40773018653438803,0.3284101207699047,0.0034427180898371277,0.5512973831668261,0.44404767212564444,0.004654944707529592,1.078456444010851,3.7169457009654883,13171.490676867654,1.1,0.52,0.12511324102282892,1.0310418510064985,0.8304623743606786,0.007783536550936114,0.5515693581327072,0.44426673692472296,0.004163904942569823,1.0782422436458037,4.119634928804029,2618.3660200830504,0.219,0.066,0.12511324102282892,0.20527105942765742,0.16533750907726236,9.879104083880452e-4,0.5524031337109264,0.44493830932083467,0.0026585569682389845,1.0775862414278319,3.41803035626795,0.40268922783854055,0.2989153446975381,16.3,4.212187604403958,17.3,4.238046103128795,3.73,3.571708831808688,0.02585849872483692,0.6404787725952703,20.25,8,6.475,default,0.00262,AFBC-summer,summer
Phy,PFOA,568.2907983129024,12.720670218844543,0,0.8,0,NA,NA,NA,13.520670218844543,14626.87829906932,0.435,0.23,0,197.76519781289008,0,0,1,0,0,1.5266623909649106,4.165151647919548,36987.508342474146,1.1,0.52,0,500.0959025153542,0,0,1,0,0,1.5266623909649106,4.5680550761231355,7363.876660910761,0.219,0.066,0,99.56454786442052,0,0,1,0,0,1.5266623909649104,3.8671065058050287,0.4029034282035875,0.2980451421145194,NA,NA,NA,NA,NA,NA,NA,NA,20.25,8,6.475,default,NA,AFBC-summer,summer
Phy,PFOS,7546.935109009093,8.253369125873688,0,0.8,0,NA,NA,NA,9.053369125873688,366786.2650683145,1.1,1.15,0,3320.6514479640014,0,0,1,0,0,2.5230203792532704,5.564413064411496,636874.332982255,1.91,4.1,0,5765.858423282947,0,0,1,0,0,2.5230203792532704,5.804053746500998,216737.33844945853,0.65,0.61,0,1962.2031283423644,0,0,1,0,0,2.5230203792532704,5.335933735896126,0.23964068208950184,0.22847932851536967,NA,NA,NA,NA,NA,NA,NA,NA,20.25,8,6.475,default,NA,AFBC-summer,summer
Phy,PFHxS,1120.5000466351844,14.74031628561924,0,0.8,0,NA,NA,NA,15.540316285619241,57744.23447086851,0.8705,0.402,0,897.3636673482539,0,0,1,0,0,1.821739852721448,4.761508628174798,140629.26717776133,2.12,0.66,0,2185.423290957264,0,0,1,0,0,1.8217398527214477,5.148075713650199,33167.27999475504,0.5,0.16,0,515.4300214521849,0,0,1,0,0,1.821739852721448,4.520709857057467,0.3865670854754013,0.24079877111733072,NA,NA,NA,NA,NA,NA,NA,NA,20.25,8,6.475,default,NA,AFBC-summer,summer
Phy,PFNA,1780.6078786442436,11.241844239525637,0,0.8,0,NA,NA,NA,12.041844239525638,1685.6994171969131,0.019,0.05,0,20.298929816544373,0,0,1,0,0,1.9480265357115236,3.2267801366643525,3371.3988343938263,0.038,0.061,0,40.597859633088746,0,0,1,0,0,1.9480265357115236,3.5278101323283337,832.2031859635289,0.009380000000000001,0.02,0,10.021261141009804,0,0,1,0,0,1.9480265357115236,2.9202293740905882,0.30102999566398125,0.30655076257376423,NA,NA,NA,NA,NA,NA,NA,NA,20.25,8,6.475,default,NA,AFBC-summer,summer
Phy,PFDA,5292.893234023786,8.682546495324564,0,0.8,0,NA,NA,NA,9.482546495324565,351.6484458134842,0.0018,0.05,0,3.334522737434985,0,0,1,0,0,2.2908361971917772,2.5461087022950832,527.4726687202264,0.0027,0.05,0,5.001784106152478,0,0,1,0,0,2.2908361971917772,2.7221999613507646,293.04037151123686,0.0015,0.02,0,2.7787689478624875,0,0,1,0,0,2.2908361971917772,2.4669274562474586,0.17609125905568135,0.07918124604762466,NA,NA,NA,NA,NA,NA,NA,NA,20.25,8,6.475,default,NA,AFBC-summer,summer
Pum,PFDA,38.19249029584499,0.04986877215607558,0.00542593214246724,0.003664605704571904,0.14120338040728542,NA,11.860316581061054,0.0024960412936610916,0.06778794525112215,943.2349884793452,0.0018,0.05,0.008828635248007428,0.02406126888638234,0.03846665906752551,0.0014120338040728543,0.37631034215279485,0.6016059129519932,0.02208374489521196,2.7193473970576005,2.974619902160907,1387.084636446825,0.0027,0.05,0.008828635248007428,0.036091903329573516,0.05652368026048368,0.0014120338040728543,0.38384364434429086,0.601139131533629,0.015017224122080165,2.7107391972894863,3.1421029614484737,761.9636902968871,0.0015,0.02,0.008828635248007428,0.02005105740531862,0.03103608199424062,5.648135216291416e-4,0.38819553320496786,0.6008694780930378,0.010934988701994401,2.705843017429042,2.8819342764847233,0.16748305928756668,0.09268562567618366,3.745,3.5734518220354854,9.65,3.9845273133437926,0.8799999999999999,2.9444826721501687,0.41107549130830723,0.6289691498853167,20.25,8,6.475,default,0.01149,AFBC-summer,summer
Pum,PFHxS,0.8154612792896634,0.002424994426105474,0.0034013878070526123,0.003664605704571904,0.12121767118040812,NA,11.860316581061054,0.0024960412936610916,0.34946923594898555,6781.308647736087,0.8705,0.402,0.33997824801125553,0.6530703201319199,1.7070425309637538,0.009745900762904814,0.27557352083525855,0.7203140396553143,0.0041124395094271,0.8915447360609722,3.831313511514322,16487.051690537835,2.12,0.66,0.33997824801125553,1.5904756791265595,4.155240945621315,0.01600073259581387,0.2760419473022906,0.7211809757250911,0.0027770769726182215,0.8908071386205052,4.217142999549257,3888.8368078181097,0.5,0.16,0.33997824801125553,0.3751121884732452,0.9800376740074686,0.0038789654777730597,0.2760148870695651,0.7211308942428152,0.002854218687619736,0.890849714344704,3.589819718680723,0.38582948803493444,0.2414937928335994,10.850000000000001,4.035429738184549,54.1,4.733197265106569,5.15,3.711807229041191,0.6977675269220205,0.32362250914335755,20.25,8,6.475,default,0.01149,AFBC-summer,summer
Pum,PFNA,5.007345146625516,0.022050361800176155,0.004189732786593128,0.003664605704571904,0.11339717626554306,NA,11.860316581061054,0.0024960412936610916,0.047413105668579744,3978.5116589124523,0.019,0.05,0.017508405377238558,0.05708373467153088,0.13041588725350625,0.0011339717626554309,0.302617012991018,0.6913714821625394,0.006011504846442509,2.3209670341334547,3.5997206350862836,7902.33254501892,0.038,0.061,0.017508405377238558,0.11416746934306175,0.25912321309173736,0.0013834455504396254,0.3047113766754658,0.691596226526605,0.003692396797929239,2.31797170504194,3.89775530165875,1957.5595901263441,0.009380000000000001,0.02,0.017508405377238558,0.028181338485208405,0.06417905250893144,4.5358870506217227e-4,0.30363247623408074,0.6914804506490011,0.004887073116918314,2.3195121529226363,3.2917149913017005,0.29803466657246647,0.30800564378458306,0.1795,2.254064452914338,3.99,3.6009728956867484,0.0459,1.6618126855372612,1.3469084427724103,0.5922517673770769,20.25,8,6.475,default,0.01149,AFBC-summer,summer
Pum,PFOA,0.6983723941078097,0.006628941615600113,9.697653161194098e-4,0.003664605704571904,0.029978563840315983,NA,11.860316581061054,0.0024960412936610916,0.08583890581179268,4347.798597010859,0.435,0.23,0.07457559317550126,0.2430335931495178,0.12879766717128718,0.0013790139366545355,0.65119748815345,0.345107506559254,0.003695005287296087,0.9997801611107959,3.638269418065433,10988.973684042465,1.1,0.52,0.07457559317550126,0.6145677068148726,0.32559599957852414,0.0031177706393928626,0.6515210165560258,0.34517374453564725,0.0033052389083269205,0.9995644481960589,4.040957133354284,2184.47925043849,0.219,0.066,0.07457559317550126,0.12235484344768828,0.06476274813582455,3.9571704269217105e-4,0.6525128501230508,0.34537680877320914,0.002110341103740034,0.9989038090221942,3.3393479238623125,0.4026877152888506,0.29892149420312064,0.6005,2.7785130117389247,3.58,3.5538830266438746,0.04425,1.6459132750338443,0.7753700149049498,1.1325997367050804,20.25,8,6.475,default,0.01149,AFBC-summer,summer
Pum,PFOS,69.83723941078098,0.06639980152499905,0.006103824606224432,0.003664605704571904,0.15662713426715813,NA,11.860316581061054,0.0024960412936610916,0.09367663721303393,723771.77259771,1.1,1.15,0.017508405377238558,30.728385340743635,37.03609618504509,0.036024240881446366,0.45321764186380603,0.5462510311132744,5.313270229195754e-4,2.8182089562775325,5.8596016414357575,1258362.8238771819,1.91,4.1,0.017508405377238558,53.35565090983667,64.39511257477594,0.12843425009906967,0.45262991210640996,0.5462805466295909,0.0010895412639990326,2.818772512088188,6.099805879335916,427629.3605760539,0.65,0.61,0.017508405377238558,18.157682246803056,21.882089715141028,0.01910851038059329,0.45327483026760035,0.5462481591381123,4.7701059428744433e-4,2.818154159113754,5.63106751575661,0.24020423790015855,0.22853412567914777,724.5,5.860038389807193,1530,6.184691430817598,174,5.2405492482825995,0.3246530410104054,0.6194891415245936,20.25,8,6.475,default,0.01149,AFBC-summer,summer
Swa,PFDA,71.90035139640514,0.09388186562213197,0.006663749592775795,0.005260523779925117,0.1851809871894866,NA,3.6630314157357753,5.37024862849511e-4,0.12242673565572884,711.8224587501155,0.0018,0.05,0.016620596660895957,0.045297221379735235,0.03907116380363382,0.0027777148078422993,0.5197848370070886,0.4483409333013655,0.03187422969154593,2.597099181230121,2.852371686333427,1056.3892918502727,0.0027,0.05,0.016620596660895957,0.06794583206960286,0.058606745705450734,0.0027777148078422993,0.5253667235466286,0.45315559514323367,0.021477681310137664,2.5924602261476637,3.023823990306651,583.3535721868487,0.0015,0.02,0.016620596660895957,0.0377476844831127,0.032559303169694846,0.0011110859231369197,0.528545263027469,0.4558972475653795,0.01555748940715146,2.589840602573682,2.765931861629363,0.17145230397322386,0.08643982470406408,4.76,3.677606952720493,9.51,3.978180516937414,2.41,3.3820170425748683,0.3005735642169207,0.29558991014562475,20.25,8,6.475,default,0.0018849999999999997,AFBC-summer,summer
Swa,PFHxS,1.535169664950272,0.00456524175356735,0.0017331823965149598,0.005260523779925117,0.15897075515651313,NA,3.6630314157357753,5.37024862849511e-4,0.6515946017926414,10369.046287702819,0.8705,0.402,0.640035653862634,1.229455977872075,5.507786735861234,0.019171873071875484,0.18196869982980596,0.8151937192571878,0.0028375809130062623,1.0759700377307302,4.01573881318408,25229.238485135513,2.12,0.66,0.640035653862634,2.9941949145190105,13.41356448021346,0.031476209520989604,0.18213711309936442,0.8159481865898228,0.0019147003108128402,1.0755682811189577,4.401904142047709,5950.609719309459,0.5,0.16,0.640035653862634,0.7061780458771252,3.1635765283522312,0.00763059624751263,0.18212739122594682,0.8159046339889807,0.0019679747850725295,1.0755914629328862,3.774561467268905,0.38616532886362887,0.2411773459151747,34.400000000000006,4.53655844257153,92.1,4.964259630196849,30.1,4.478566495593843,0.4277011876253187,0.05799194697768684,20.25,8,6.475,default,0.0018849999999999997,AFBC-summer,summer
Swa,PFNA,9.426719043890849,0.04151153144425921,0.004738019182054572,0.005260523779925117,0.14871457740448,NA,3.6630314157357753,5.37024862849511e-4,0.08447101749381532,3079.2592460025403,0.019,0.05,0.032960943087576425,0.10746459710035566,0.1504128458756503,0.0022307186610671997,0.4131534990059257,0.5782703815558088,0.00857611943826547,2.2096926531886703,3.488446254141499,6137.920177846501,0.038,0.061,0.032960943087576425,0.21492919420071133,0.3008256917513006,0.002721476766501984,0.41454000539924046,0.580211005520076,0.005248989080683513,2.2082376396220025,3.7880212362388126,1517.707648330008,0.009380000000000001,0.02,0.032960943087576425,0.0530535747790177,0.07425644706913684,8.9228746442688e-4,0.413826982239946,0.57921302250559,0.006959995254463901,2.2089852843365994,3.181188122715664,0.2995749820973135,0.30725813142583513,2.075,3.3170181010481117,8.3,3.9190780923760737,1.03,3.012837224705172,0.6020599913279621,0.30418087634293967,20.25,8,6.475,default,0.0018849999999999997,AFBC-summer,summer
Swa,PFOA,1.3147406768435579,0.01247950128038009,7.979795782604101e-4,0.005260523779925117,0.03931534804946023,NA,3.6630314157357753,5.37024862849511e-4,0.15893239404284162,5066.802184222464,0.435,0.23,0.140394389404276,0.45752975554155817,0.3450364867230043,0.002712759015412756,0.5681630277386143,0.4284682528348256,0.0033687194265600846,1.0662446921401327,3.70473394909477,12808.031116358447,1.1,0.52,0.140394389404276,1.156971795622331,0.8725060583800107,0.006133194295715795,0.5683658460144717,0.42862120399154807,0.003012949993980266,1.0660896888472058,4.107482374005431,2547.1776050604735,0.219,0.066,0.140394389404276,0.23034256658299138,0.17370802435020213,7.784438913793126e-4,0.5689872681261787,0.42908983646757487,0.0019228954062463447,1.0656151128908964,3.4060592277310144,0.4027484249106612,0.2986747213637555,2.01,3.3031960574204886,8.29,3.9185545305502734,1.1,3.041392685158225,0.6153584731297848,0.2618033722622637,20.25,8,6.475,default,0.0018849999999999997,AFBC-summer,summer
Swa,PFOS,131.4740676843558,0.12500282189816717,0.00829239925479447,0.005260523779925117,0.2054084488671074,NA,3.6630314157357753,5.37024862849511e-4,0.17151668802046316,601247.9342402973,1.1,1.15,0.03296094308757642,57.84858978111655,45.20459866406531,0.07086591485915204,0.5609611660451937,0.43835164302443674,6.871909303695055e-4,2.737660912082988,5.779053597241213,1044740.6808500807,1.91,4.1,0.03296094308757642,100.44618771084782,78.4916213166952,0.25265239210654206,0.5605554386938654,0.43803459567456643,0.0014099656315681368,2.737975138652227,6.019008505899954,355257.8839342946,0.65,0.61,0.03296094308757642,34.1832575979325,26.711808301493132,0.03758974614268065,0.561000620041393,0.4383824735437394,6.169064148677818e-4,2.7376303679894938,5.550543724632349,0.23995490865874114,0.22850987260886413,460.5,5.663229634532867,1010,6.004321373782642,330,5.518513939877887,0.34109173924977476,0.14471569465498035,20.25,8,6.475,default,0.0018849999999999997,AFBC-summer,summer
Bas,PFNA,1.144183555044134,0.005038530521815011,0.0031439182799076516,0.0017789489079437636,0.04163216009193188,NA,100.53177401539601,0.03399361577621392,0.013962086482075677,1873.5452481598238,0.0036655,0.125,0.004000688772409249,0.0025164028926085635,0.023121795889131685,5.204020011491485e-4,0.09619791645180684,0.8839079766168487,0.019894106931344302,2.70853096239947,3.272664186241575,3925.212129253048,0.006086,0.45,0.004000688772409249,0.00417810066959916,0.048752603335387376,0.0018734472041369349,0.07623693784903678,0.8895786589113587,0.03418440323960449,2.8095311841609365,3.5938631321830847,1474.7916554673448,0.00266,0.125,0.004000688772409249,0.0018261169538504377,0.018244649681679034,5.204020011491485e-4,0.0886844737213027,0.8860424584732027,0.025273067805494397,2.743849035024236,3.168730671655303,0.3211989459415099,0.10393351458627187,0.17925,2.2534591643398376,11.65,4.066325925362038,0.09075,1.9578466337081502,1.8128667610222,0.29561253063168746,14.5,8,8,default,0.426225,NRP-fall,fall
Bas,PFOA,0.15957881576696445,0.0015147200286420722,7.880896019760418e-4,0.0017789489079437636,0.011006203242694634,NA,100.53177401539601,0.03399361577621392,0.02112235886078519,406.27640218726503,0.033495,0.125,0.017040600322223314,0.004276073947291579,0.004167864475842843,1.3757754053368295e-4,0.4982888763937932,0.48567927782089915,0.016031845785307666,1.0838416157408144,2.608821597867933,834.5996045161255,0.06314,0.8301,0.017040600322223314,0.008060645142020909,0.008654442278462009,9.136249311760816e-4,0.45724525882699196,0.49092878174097376,0.05182595943203432,1.1211735970244938,2.921478174580692,128.0535231329328,0.009711000000000001,0.125,0.017040600322223314,0.0012397359039303935,0.001327479024537588,1.3757754053368295e-4,0.45834788366886375,0.4907877553458137,0.05086436098532272,1.120127577578293,2.1073915317005287,0.3126565767127589,0.5014300661674045,0.11925,2.0764583877121514,0.2395,2.379305517750582,0.082,1.9138138523837167,0.30284713003843056,0.1626445353284347,14.5,8,8,default,0.426225,NRP-fall,fall
Bas,PFHxS,0.18633374736855612,5.541137393521633e-4,0.002979635069247498,0.0017789489079437636,0.04450334354654788,NA,100.53177401539601,0.03399361577621392,0.0829980797017143,747.6467761388842,0.08046500000000001,0.3167,0.07768538198517087,0.01379387738345,0.04684994844113568,0.001409420890119171,0.2222909857862642,0.7549959256206585,0.02271308859307725,0.968089449349816,2.873696464969371,13595.052813380731,1.493,3.5425,0.07768538198517087,0.255940582035554,0.8566573854670706,0.015765309451364586,0.22682462932191863,0.7592035321989677,0.01397183847911371,0.9593210913272372,4.133380899052263,165.06791121935214,0.016640000000000002,0.1535,0.07768538198517087,0.0028525460717157523,0.010164647256424025,6.831263234395099e-4,0.20821018372275193,0.7419277443831253,0.049862071894122804,0.9965093337742417,2.217662655728947,1.2596844340828919,0.6560338092404239,2.29,3.359835482339888,312.5,5.494850021680094,0.209,2.3201462861110542,2.135014539340206,1.0396891962288337,14.5,8,8,default,0.426225,NRP-fall,fall
Bas,PFOS,15.957881576696446,0.015172423457627525,0.004299231267377891,0.0017789489079437636,0.05750342418828139,NA,100.53177401539601,0.03399361577621392,0.02525129240535843,441756.90799297066,0.35679999999999995,3.3716999999999997,0.004000688772409248,2.2775088586261165,8.8580355676578435,0.019388429533562835,0.20417055737259318,0.7940913389754918,0.0017381036519149799,3.0927585038267726,5.645183349530858,1096357.0923621657,0.8241,50.925,0.004000688772409248,5.260356082942217,22.131241249304566,0.29283618767882297,0.19001133178889598,0.7994110203980088,0.010577647813095288,3.1239721162706657,6.03995203041089,127829.62919279512,0.1031,1.0768,0.004000688772409248,0.6581030362229614,2.563568339876256,0.00619196871659414,0.20388193858328105,0.794199774285221,0.001918287131497962,3.093372863840335,5.1066315291238515,0.39476868088003236,0.5385518204070063,1782.5,6.251029538523903,17525,7.2436580266386965,682.5,5.834102655712794,0.9926284881147938,0.4169268828111088,14.5,8,8,default,0.426225,NRP-fall,fall
Bgl,PFHxS,0.2813665631987548,8.367194921183585e-4,0.002883530358442824,0.0022513256210610513,0.05310051948836921,NA,46.76383512404621,0.012494799657388669,0.12327758819682193,1026.0599575501174,0.08046500000000001,0.3167,0.1173060127251997,0.020828947667164782,0.10397955579275052,0.0016816934521966527,0.16466847372873628,0.8220364765895471,0.013295049681716669,1.1055657237842658,3.0111727394038206,18840.21386660256,1.493,3.5425,0.1173060127251997,0.38647385654728167,1.9172914110110482,0.018810859028754793,0.166398789741797,0.8255020746417542,0.008099135616448642,1.1010260206977662,4.2750858284227915,219.652696640279,0.016640000000000002,0.1535,0.1173060127251997,0.004307384442697099,0.021955777265898202,8.150929741464675e-4,0.15907171614876622,0.8108268986734821,0.03010138517775166,1.1205832174417805,2.3417365393964857,1.263913089018971,0.6694362000073348,3.875,3.588271706842329,557.5,5.746244871720198,0.107,2.0293837776852097,2.1579731648778693,1.5588879291571192,14.5,8,8,default,0.1313,NRP-fall,fall
Bgl,PFOS,24.096624248568602,0.022910571509223144,0.004886025894839101,0.0022513256210610513,0.06861196156113655,NA,46.76383512404621,0.012494799657388669,0.036089018995216965,340022.121435808,0.35679999999999995,3.3716999999999997,0.006041095970093665,3.4390702127557105,8.808860691455566,0.02313389507956841,0.28025849989435775,0.7178562606860845,0.0018852394195575705,2.9790823269410502,5.531507172645136,833140.1066026029,0.8241,50.925,0.006041095970093665,7.943211217298155,21.77459150131018,0.3494064142500879,0.26418185945357847,0.7241972943047181,0.011620846241703398,3.0047381273720033,5.920718041512227,98365.4923672151,0.1031,1.0768,0.006041095970093665,0.9937447840109691,2.5487812024824232,0.007388136020903184,0.2799348800322894,0.7179839045450485,0.002081215422662223,2.9795841048663223,4.992842770149839,0.38921086886709144,0.5386644024952973,810,5.9084850188786495,11700,7.068185861746161,212.5,5.32735893438633,1.1597008428675117,0.5811260844923192,14.5,8,8,default,0.1313,NRP-fall,fall
Bgl,PFNA,1.7277331621229868,0.007608251519200387,0.0034069311912001406,0.0022513256210610513,0.04967467952137765,NA,46.76383512404621,0.012494799657388669,0.019307604301555245,1337.9634869234635,0.0036655,0.125,0.006041095970093666,0.003799803543457085,0.02141213253797301,6.209334940172206e-4,0.14709181000428168,0.8288716232409594,0.024036566754758938,2.5623110378378082,3.1264442616799135,2722.3141372364644,0.006086,0.45,0.006041095970093666,0.006308990414808298,0.04401701315302112,0.0022353605784619945,0.12003094891618113,0.8374404635030166,0.04252858758080227,2.650606290478011,3.43493823850016,1041.7704343798914,0.00266,0.125,0.006041095970093666,0.002757462126748287,0.01673569569930076,6.209334940172206e-4,0.13709106132959537,0.8320383671821583,0.030870571488246325,2.5928903912900796,3.0177720279211466,0.3084939768202464,0.10867223375876689,0.161875,2.209179781425327,8.7,3.9395192526186187,0.07875,1.8962505624616381,1.7303394711932918,0.31292921896368875,14.5,8,8,default,0.1313,NRP-fall,fall
Bgl,PFOA,0.24096624248568602,0.002287248416811797,8.052048419773675e-4,0.0022513256210610513,0.013132386540134322,NA,46.76383512404621,0.012494799657388669,0.031075323568982932,436.4182779521264,0.033495,0.125,0.025731544689132715,0.0064569314336464425,0.006940752933382538,1.6415483175167905e-4,0.47611030768061186,0.5117855205071727,0.012104171812215422,1.1149229491739647,2.639902931301084,872.2555005461269,0.06314,0.8301,0.025731544689132715,0.012171686840436973,0.01384381566716254,0.00109011940669655,0.44904658077656484,0.5107359540000456,0.04021746522338964,1.140339139284842,2.9406437168410404,133.9311194831195,0.009711000000000001,0.125,0.025731544689132715,0.0018720185446227978,0.0021257794975195745,1.6415483175167905e-4,0.4497933064944292,0.5107649129939882,0.03944178051158247,1.1396175448430206,2.1268814989652562,0.3007407855399564,0.5130214323358278,0.16375,2.2141813086638207,15.649999999999999,4.194514341882467,0.07875,1.8962505624616381,1.9803330332186464,0.31793074620218253,14.5,8,8,default,0.1313,NRP-fall,fall
Phy,PFHxS,1120.5000466351844,14.74031628561924,0,0.8,0,NA,NA,NA,15.540316285619241,5337.610369555927,0.08046500000000001,0.3167,0,82.94815335230011,0,0,1,0,0,1.8217398527214477,3.7273468683410025,99037.49806433852,1.493,3.5425,0,1539.074044056224,0,0,1,0,0,1.8217398527214477,4.995799660446473,1103.8070782254476,0.016640000000000002,0.1535,0,17.153511113928715,0,0,1,0,0,1.821739852721448,3.042893174676153,1.268452792105471,0.6844536936648495,NA,NA,NA,NA,NA,NA,NA,NA,14.5,8,8,default,NA,NRP-fall,fall
Phy,PFNA,1780.6078786442436,11.241844239525637,0,0.8,0,NA,NA,NA,12.041844239525638,325.20690598606774,0.0036655,0.125,0,3.916090907502285,0,0,1,0,0,1.9480265357115238,2.512159759553629,539.9561396347586,0.006086,0.45,0,6.50206772965732,0,0,1,0,0,1.9480265357115236,2.732358483733672,235.99791840756788,0.00266,0.125,0,2.8418501743162126,0,0,1,0,0,1.9480265357115236,2.3729081723425907,0.22019872418004294,0.13925158721103825,NA,NA,NA,NA,NA,NA,NA,NA,14.5,8,8,default,NA,NRP-fall,fall
Phy,PFOA,568.2907983129024,12.720670218844543,0,0.8,0,NA,NA,NA,13.520670218844543,1126.2696290283377,0.033495,0.125,0,15.227920231592535,0,0,1,0,0,1.5266623909649106,3.05164237309203,2123.0829788580154,0.06314,0.8301,0,28.705504804381327,0,0,1,0,0,1.5266623909649104,3.326966968521109,326.5324486488785,0.009711000000000001,0.125,0,4.414937553933277,0,0,1,0,0,1.5266623909649104,2.513926345087146,0.2753245954290793,0.5377160280048838,NA,NA,NA,NA,NA,NA,NA,NA,14.5,8,8,default,NA,NRP-fall,fall
Phy,PFOS,7546.935109009093,8.253369125873688,0,0.8,0,NA,NA,NA,9.053369125873688,118972.12670579508,0.35679999999999995,3.3716999999999997,0,1077.0985787577777,0,0,1,0,0,2.5230203792532704,5.075445224957356,274789.6009479982,0.8241,50.925,0,2487.771689333758,0,0,1,0,0,2.5230203792532704,5.4390002933934944,34377.87629867565,0.1031,1.0768,0,311.235603895535,0,0,1,0,0,2.5230203792532704,4.536279044536787,0.3635550684361384,0.539166180420569,NA,NA,NA,NA,NA,NA,NA,NA,14.5,8,8,default,NA,NRP-fall,fall
Pry,PFHxS,0.8831320343442476,0.0026262316987821876,4.7259597069256e-4,0.004328099717721641,0.08669478584133905,NA,5.5894432553433395,7.768349985783068e-4,0.3756181455655911,594.8024281860214,0.08046500000000001,0.3167,0.3681912181783947,0.0653763216120291,0.1388228963679485,0.019219367073166453,0.2926180988769497,0.6213578710783036,0.08602403004474667,0.8687657171719181,2.774372732791473,10659.300369368731,1.493,3.5425,0.3681912181783947,1.2130348370938848,2.5758104054849578,0.2149813951900605,0.302968871242097,0.6433371468152042,0.05369398194269894,0.8536688926790482,4.027728700404073,137.22271544012327,0.016640000000000002,0.1535,0.3681912181783947,0.01351969168736922,0.028708295477072807,0.00931535473865188,0.26229753811437856,0.556973886773717,0.1807285751119045,0.9162726871837198,2.1374260091384247,1.2533559676126003,0.6369467236530482,8.47,3.9278834103307068,25.1,4.399673721481038,5.27,3.7218106152125467,0.47179031115033165,0.20607279511816,14.5,8,8,default,0.005,NRP-fall,fall
Pry,PFNA,5.422877846334108,0.023880202983493262,0.001291940639949676,0.004328099717721641,0.08110157385157522,NA,5.5894432553433395,7.768349985783068e-4,0.04846157731448748,555.8085812090267,0.0036655,0.125,0.018961333973322902,0.011926535247442605,0.007912437570861405,0.0070963877120128315,0.44278357566511145,0.2937565124459958,0.2634599118888926,2.1807920237862923,2.744925247628397,1206.864645530127,0.006086,0.45,0.018961333973322902,0.01980218074367363,0.013137387820559952,0.025546995763246195,0.3385765768834813,0.2246223208975088,0.43680110221901,2.297326617024951,3.0816585650470993,443.51097773496383,0.00266,0.125,0.018961333973322902,0.008654913042749237,0.005741940782564817,0.0070963877120128315,0.4026806765149138,0.2671509912822085,0.3301683322028776,2.2220227372789894,2.6469043739100564,0.33673331741870216,0.09802087371834078,0.159,2.2013971243204513,0.589,2.7701152947871015,0.0403,1.6053050461411096,0.5687181704666502,0.5960920781793417,14.5,8,8,default,0.005,NRP-fall,fall
Pry,PFOA,0.7563265709875754,0.007179041903293933,2.1758929362490967e-4,0.004328099717721641,0.021440645960761267,NA,5.5894432553433395,7.768349985783068e-4,0.09248895232669724,317.73489795465434,0.033495,0.125,0.08076422141205675,0.02026652679618307,0.007244384511706355,0.0018760565215666107,0.6896433450976495,0.2465169102762941,0.06383974462605649,0.977084935428349,2.5020649175554683,695.4145704176416,0.06314,0.8301,0.08076422141205675,0.03820356775372441,0.01365608114850393,0.012458516148419549,0.5939778867080658,0.21232075165313458,0.1937013616387996,1.0419392082815346,2.8422437858377334,106.52219671933031,0.009711000000000001,0.125,0.08076422141205675,0.005875749864688276,0.002100319987854319,0.0018760565215666107,0.5963940820054231,0.21318443431398054,0.19042148368059655,1.0401761598336126,2.0274401139558482,0.34017886828226507,0.4746248035996201,0.098,1.9912260756924949,0.91,2.9590413923210934,0.0806,1.9063350418050906,0.9678153166285985,0.08489103388740427,14.5,8,8,default,0.005,NRP-fall,fall
Pry,PFOS,75.63265709875753,0.07190996469128118,0.0022611321711263565,0.004328099717721641,0.11201960679499182,NA,5.5894432553433395,7.768349985783068e-4,0.09746053055345208,154491.7059997162,0.35679999999999995,3.3716999999999997,0.0189613339733229,10.794292821134674,3.9981632559441325,0.2643875557614717,0.7169027642414634,0.2655379409814546,0.017559294777081937,2.6364803232655483,5.188905168969634,391536.0886856113,0.8241,50.925,0.0189613339733229,24.931549086034437,9.23454691486424,3.99321893322447,0.6533542106055981,0.24199980871790874,0.10464598067649322,2.6767918839132174,5.592771798053442,44724.00784651298,0.1031,1.0768,0.0189613339733229,3.1190907787527604,1.1552988556273545,0.08443589881779302,0.7155805514574932,0.2650481986095357,0.019371249932971176,2.6372820497118705,4.650540714995387,0.403866629083808,0.5383644539742471,1115,6.047274867384179,1590,6.201397124320452,705,5.848189116991398,0.15412225693627235,0.19908575039278098,14.5,8,8,default,0.005,NRP-fall,fall
Bas,PFNA,1.0643963408273425,0.004687179278992446,0.001293817794559374,0.001706966514498772,0.028159768248888464,NA,114.97499125819985,0.028267660081259686,0.011409672811512716,2553.874877578366,0.009800000000000001,0.223,0.0037217092234621244,0.0062586504840647745,0.022252263438696258,6.279628319502127e-4,0.2147869506690185,0.7636623616625324,0.021550687668449066,2.4159735402934763,3.4071996159859714,3915.667266855262,0.015,0.358,0.0037217092234621244,0.009579567067446082,0.0340887955828125,0.001008119703310207,0.2144207995525158,0.7630143150715056,0.022564885375978526,2.4167145215452503,3.5928057806009317,985.3586292188504,0.0037,0.137,0.0037217092234621244,0.0023629598766367003,0.008493870859741284,3.85788825009772e-4,0.2101787633864419,0.7555063847319962,0.03431485188156196,2.425392600180867,2.993594324247862,0.18560616461496027,0.4136052917381092,0.2025,2.3064250275506875,0.9225,2.964966374831098,0.1875,2.2730012720637376,0.6585413472804107,0.03342375548694987,10,8,8,default,0.524,NRP-spring,spring
Bas,PFOA,0.14845092540188262,0.001409094239081526,2.397689957808356e-4,0.001706966514498772,0.007444536433614192,NA,114.97499125819985,0.028267660081259686,0.0192081399390283,993.0837984957818,0.062,0.333,0.015852310189667165,0.007363165899933379,0.011464223609516029,2.479030632393526e-4,0.38600539791854444,0.6009985726735351,0.012996029407920606,1.2045942072235103,2.996985896721764,1190.9881570903383,0.074,0.532,0.015852310189667165,0.008788294783791452,0.013692323065056909,3.9604933826827503e-4,0.38415975158919663,0.5985278779055702,0.017312370505233238,1.2066757232497967,3.075907442980773,464.72879632804336,0.029,0.161,0.015852310189667165,0.003444061469323677,0.005362657247660373,1.1985703658118849e-4,0.3858211216040073,0.6007518891573344,0.013426989238658291,1.2048015859181918,2.667199583817148,0.07892154625900893,0.3297863129046159,0.2025,2.3064250275506875,0.22125,2.344883279369863,0.1875,2.2730012720637376,0.038458251819175615,0.03342375548694987,10,8,8,default,0.524,NRP-spring,spring
Bas,PFHxS,0.17334015857629367,5.154737926169972e-4,6.279723786921839e-4,0.001706966514498772,0.03010182123157043,NA,114.97499125819985,0.028267660081259686,0.07511856927332398,3875.2846962762264,0.18,0.879,0.07226815658751604,0.028705130260234232,0.25975476156458877,0.002645950086255041,0.09860719411121462,0.8923034998518996,0.009089306036885647,1.3330311081854787,3.588303613288785,6024.830715354254,0.28,1.29,0.07226815658751604,0.04465242484925326,0.4040411036632628,0.0038831349388725855,0.09866267630489389,0.8927572636689008,0.008580060026205203,1.3327868173452881,3.7799448486875074,1229.7444225171657,0.057,0.337,0.07226815658751604,0.009089957915740842,0.08227225230009473,0.0010144313755039236,0.09840104337147762,0.890617486009666,0.010981470618856409,1.3339400058288422,3.0898148615013334,0.19164123539872246,0.49848875178745145,1.855,3.268343913951065,5.1,3.7075701760979363,1.7774999999999999,3.249809609401804,0.43922626214687144,0.01853430454926075,10,8,8,default,0.524,NRP-spring,spring
Bas,PFOS,14.845092540188261,0.014114406677658243,0.0021626877742686075,0.001706966514498772,0.03889500556982487,NA,114.97499125819985,0.028267660081259686,0.021705770189887744,497729.2215066896,0.62,14.899999999999999,0.003721709223462124,3.681582949966689,7.064059590550208,0.05795355829903906,0.3407738419960172,0.6538618739481035,0.005364284055879386,2.904601449269813,5.696993138768066,882800.5087517574,1.1,25.4,0.003721709223462124,6.531840717682836,12.53123093465144,0.09879331414735518,0.34087708733510436,0.6539671872529815,0.005155725411914064,2.9044698896123364,5.945862574770561,193121.98331876544,0.24,7.52,0.003721709223462124,1.4251288838580731,2.737483460485876,0.029249044188508305,0.3399751928240646,0.6530472281299003,0.0069775790460352505,2.9056204711699447,5.28583171288155,0.24886943600249456,0.41116142588651616,915,5.9614210940664485,1312.5,6.1180993120779945,832.5,5.920384242178358,0.15667821801154602,0.04103685188809081,10,8,8,default,0.524,NRP-spring,spring
Bgl,PFHxS,0.27133540674030965,8.068891382843775e-4,3.976700867620483e-4,0.002205104427578688,0.03647504966749947,NA,50.02531897686847,0.009520772372887627,0.11653353421499923,2710.4962024234437,0.18,0.879,0.11312387056237412,0.044933143356195276,0.261312087991223,0.00961847059731961,0.1422548494162098,0.827293818132167,0.03045133245162311,1.177776298039705,3.433048803143011,4209.065815349335,0.28,1.29,0.11312387056237412,0.06989600077630378,0.4064854702085693,0.014115844221322294,0.14250027188613845,0.8287210910373503,0.028778637076511366,1.1770276853346622,3.624185716676881,863.8310405055623,0.057,0.337,0.11312387056237412,0.01422882872946184,0.0827488278638873,0.0036876275213841964,0.14134792202289442,0.8220195133962396,0.03663256458086603,1.18055395005667,2.9364288057291614,0.19113691353387008,0.49661999741384966,6.2875,3.798477998063984,28.75,4.458637849025649,2.2975000000000003,3.361255520058149,0.6601598509616653,0.43722247800583514,10,8,8,default,0.14564999999999997,NRP-spring,spring
Bgl,PFOS,23.23754204203431,0.02209377393118587,0.001902649794822791,0.002205104427578688,0.047129947688650746,NA,50.02531897686847,0.009520772372887627,0.03202724963792989,369048.2685120625,0.62,14.899999999999999,0.005825721484342543,5.762910426424509,5.846019731488829,0.21067086616826883,0.4875723313065292,0.49460381273259346,0.01782385596087734,2.7746914825618907,5.567083172060145,654305.9247402878,1.1,25.4,0.005825721484342543,10.224518498495097,10.37197049135115,0.35913020138751867,0.4879129748059297,0.4949493687922136,0.01713765640185671,2.7743881676945685,5.815780852852794,143630.95894766258,0.24,7.52,0.005825721484342543,2.230804036035294,2.2629753799311594,0.10632516198559608,0.4849463742036143,0.49193998562063734,0.02311364017574828,2.777036818326967,5.157248060038573,0.24869768079264887,0.40983511202157175,663.75,5.822004534089525,1547.5,6.189630657692155,272.5,5.435366506612661,0.3676261236026299,0.38663802747686393,10,8,8,default,0.14564999999999997,NRP-spring,spring
Bgl,PFNA,1.6661367824015723,0.007337005495875324,0.0010871149528154283,0.002205104427578688,0.03412182065669305,NA,50.02531897686847,0.009520772372887627,0.016454946360611983,1815.8851138119353,0.009800000000000001,0.223,0.005825721484342545,0.009796884280521246,0.01780065806235517,0.002282749801932765,0.32787110089293975,0.5957323969955732,0.07639650211148707,2.2678622927129273,3.259088368405422,2789.7884788922565,0.015,0.358,0.005825721484342545,0.014995231041614149,0.027245905197482403,0.0036646835385288337,0.32665206969951255,0.59351745224169,0.07983047805879745,2.269480017360459,3.4455712764161404,718.4397227570722,0.0037,0.137,0.005825721484342545,0.003698823656931491,0.006720656615378994,0.0014024068289900846,0.31287929120255004,0.5684927082952458,0.11862800050220414,2.2881886125338964,2.8563903366008914,0.18648290801071843,0.40269803180453057,0.485,2.6857417386022635,1.6175000000000002,3.208844289340738,0.10375000000000001,2.0159881053841304,0.5231025507384746,0.6697536332181331,10,8,8,default,0.14564999999999997,NRP-spring,spring
Bgl,PFOA,0.23237542042034315,0.0022057044463146243,1.8309244818043654e-4,0.002205104427578688,0.009020711208091267,NA,50.02531897686847,0.009520772372887627,0.029408076343113272,806.2597765841203,0.062,0.333,0.024814175021039525,0.011525820852849021,0.011283559159629922,9.011690496883176e-4,0.48610518561291827,0.475887721117098,0.038007093269983784,1.1140833043662084,2.906474993864462,974.6915744829207,0.074,0.532,0.024814175021039525,0.013756624888884315,0.013467473835687326,0.0014397055088113662,0.47993018571006013,0.4698425137861697,0.05022730050377011,1.119635492182248,2.9888672119132242,377.60388595343426,0.029,0.161,0.024814175021039525,0.005391109753751962,0.005277793800472061,4.357003513508082e-4,0.4854842009308832,0.47527978893713235,0.03923601013198445,1.1146384571112107,2.577036455010167,0.08239221804876218,0.3294385388542951,0.21400000000000002,2.330413773349191,3,3.4771212547196626,0.100125,2.0005425290922942,1.1467074813704716,0.32987124425689673,10,8,8,default,0.14564999999999997,NRP-spring,spring
Phy,PFHxS,1120.5000466351844,14.74031628561924,0,0.8,0,NA,NA,NA,15.540316285619241,11940.22079811181,0.18,0.879,0,185.55480772278653,0,0,1,0,0,1.8217398527214477,4.077012357824754,18573.67679706282,0.28,1.29,0,288.6408120132236,0,0,1,0,0,1.821739852721448,4.268897884063667,3781.0699194020735,0.057,0.337,0,58.75902244554908,0,0,1,0,0,1.821739852721448,3.577614708393939,0.19188552623891297,0.49939764943081455,NA,NA,NA,NA,NA,NA,NA,NA,10,8,8,default,NA,NRP-spring,spring
Phy,PFNA,1780.6078786442436,11.241844239525637,0,0.8,0,NA,NA,NA,12.041844239525638,869.4660151857765,0.009800000000000001,0.223,0,10.469974326428153,0,0,1,0,0,1.9480265357115236,2.9392526114040187,1330.815329365984,0.015,0.358,0,16.02547090779819,0,0,1,0,0,1.9480265357115236,3.124117794767205,328.2677812436095,0.0037,0.137,0,3.952949490590221,0,0,1,0,0,1.9480265357115236,2.5162282597785186,0.18486518336318625,0.4230243516255001,NA,NA,NA,NA,NA,NA,NA,NA,10,8,8,default,NA,NRP-spring,spring
Phy,PFOA,568.2907983129024,12.720670218844543,0,0.8,0,NA,NA,NA,13.520670218844543,2084.7504702121787,0.062,0.333,0,28.187223596319964,0,0,1,0,0,1.5266623909649104,3.3190540804631645,2488.2505612209875,0.074,0.532,0,33.642815260123825,0,0,1,0,0,1.5266623909649104,3.395894110695887,975.1252199379545,0.029,0.161,0,13.184346520859338,0,0,1,0,0,1.5266623909649104,2.9890603888638667,0.076840030232722345,0.3299936915992978,NA,NA,NA,NA,NA,NA,NA,NA,10,8,8,default,NA,NRP-spring,spring
Phy,PFOS,7546.935109009093,8.253369125873688,0,0.8,0,NA,NA,NA,9.053369125873688,206734.07667486815,0.62,14.899999999999999,0,1871.639907034255,0,0,1,0,0,2.5230203792532704,5.315412068751525,366786.2650683145,1.1,25.4,0,3320.6514479640014,0,0,1,0,0,2.5230203792532704,5.564413064411496,80026.09419672315,0.24,7.52,0,724.505770464873,0,0,1,0,0,2.5230203792532704,4.903231620964877,0.24900099565997103,0.412180447786648,NA,NA,NA,NA,NA,NA,NA,NA,10,8,8,default,NA,NRP-spring,spring
Bas,PFNA,1.1935696244330785,0.005256007181806924,0.006319120885185906,0.0018224279375391513,0.08367859114329698,NA,92.9439137558432,0.060554765908774774,0.017570925368658136,4601.217720555554,0.004,0.10500000000000001,0.004173369364126155,0.002864567098639388,0.07710446086718495,8.786252070046185e-4,0.03543166667455109,0.9537006683713857,0.010867664954063308,3.0608127923821207,3.6628727837100827,10730.739001232263,0.0081,0.34,0.004173369364126155,0.005800748374744761,0.17990319366758442,0.0028450720988720977,0.030765201298802204,0.9541455015662815,0.015089297134916173,3.122144612975996,4.030629631854646,978.7464025848659,5e-4,0.0495,0.004173369364126155,3.580708873299235e-4,0.016425200081172067,4.142090261593201e-4,0.020821125388201123,0.9550934256804494,0.024085448931349528,3.2917001744690224,2.9906701788050416,0.36775684814456344,0.6722026049050411,0.10981250000000001,2.0406517788393703,0.23249999999999998,2.3664229572259727,0.096875,1.9862117155143666,0.3257711783866024,0.05444006332500373,23,8,8,default,0.37775,NRP-summer,summer
Bas,PFOA,0.16646667080886715,0.0015800994584630643,0.0015840212816825934,0.0018224279375391513,0.022121926394204953,NA,92.9439137558432,0.060554765908774774,0.022762667585394282,744.1676412503741,0.0355,0.24,0.017776118907709474,0.004727653450971827,0.011680660961156464,5.309262334609189e-4,0.27909476876124645,0.6895622540316162,0.031342977207137454,1.3214424285509552,2.871670781606049,2314.796725572027,0.11,0.77,0.017776118907709474,0.01464906703118031,0.03633849302842111,0.0017033883323537818,0.2780186631337407,0.6896534250647353,0.03232791180152402,1.323120174196406,3.364512859354631,50.35247215964221,9e-4,0.099,0.017776118907709474,1.1985600298238436e-4,8.072935115877425e-4,2.1900707130262907e-4,0.1045721016305276,0.7043483600218711,0.19107953834760133,1.7477782885671767,1.7020207980065014,0.4928420777485818,1.1696499835995477,0.105875,2.0247934233387634,0.11499999999999999,2.060697840353612,0.096875,1.9862117155143666,0.03590441701484837,0.03858170782439685,23,8,8,default,0.37775,NRP-summer,summer
Bas,PFHxS,0.1943764179142717,5.780307930979305e-4,0.0059889197237236345,0.0018224279375391513,0.08944952846352437,NA,92.9439137558432,0.060554765908774774,0.0894278724890037,1816.5529891482881,0.082,0.7350000000000001,0.08103849403464299,0.01466375696745266,0.14121217177354994,0.006574540342069043,0.09026601800672004,0.8692629363928698,0.040471045600410344,1.3454342184409755,3.2592480708246923,5856.616813123798,0.24,3.7,0.08103849403464299,0.04291831307547119,0.447730142974015,0.033096325531504024,0.08194508964063911,0.8548632057439974,0.06319170461536354,1.3874355682152977,3.767646809926904,95.3966476873343,8e-4,0.23,0.08103849403464299,1.43061043584904e-4,0.0063307190470153745,0.002057339154661061,0.016769317069898898,0.7420736793160886,0.24115700361401257,2.0764431265331935,1.979533113525137,0.5083987391022116,1.2797149572995552,3.7749999999999995,3.576916955965207,6.324999999999999,3.8010605298478555,1.0675,3.0283678836970616,0.22414357388264827,0.5485490722681456,23,8,8,default,0.37775,NRP-summer,summer
Bas,PFOS,16.646667080886715,0.01582730645640296,0.008641243083687885,0.0018224279375391513,0.11557905021899832,NA,92.9439137558432,0.060554765908774774,0.030464346841756154,829204.2554132568,0.325,9.9,0.004173369364126154,2.164066720515273,22.98267605933753,0.11442325971680835,0.08566772876301254,0.9098026600726583,0.0045296111643292085,3.4067781612149624,5.918661522193837,1969643.9039567162,0.64,77,0.004173369364126154,4.261546772706999,54.85240958549477,0.8899586866862871,0.0710211453622484,0.9141471776376672,0.014831677000084444,3.488207742266243,6.294387716250131,24610.669794778703,5e-4,4,0.004173369364126154,0.0033293334161773433,0.7001870271322934,0.04623162008759933,0.004440603378955164,0.9338965161843714,0.06166288043667342,4.692153429123712,4.391123433459731,0.3757261940562939,1.5275380887341061,2072.5,6.316494539222311,2285,6.358886204405869,1617.5,6.208844289340738,0.0423916651835583,0.10765024988157279,23,8,8,default,0.37775,NRP-summer,summer
Bgl,PFHxS,0.2545897254795351,7.570913308960361e-4,0.005452946381988579,0.002126278996515387,0.10041658995474675,NA,56.307835170141495,0.03144316967713822,0.11447865728208256,2270.8621552302184,0.082,0.7350000000000001,0.10614234057268256,0.019206248890176133,0.2333783821516015,0.007380619361673888,0.07388006227897424,0.8977291456816298,0.028390792039395953,1.4423769203037449,3.3561907726874614,7041.909353925631,0.24,3.7,0.10614234057268256,0.05621341138588135,0.7127807778704061,0.037154138283256304,0.06973085406931386,0.884180681793255,0.04608846413743108,1.467479188658561,3.847690430370167,79.05455689529568,8e-4,0.23,0.10614234057268256,1.8737803795293786e-4,0.006553099918491335,0.0023095815689591756,0.020704619392498923,0.7240946758523337,0.2552007047551674,1.9948369217790327,1.8979269087709763,0.49149965768270576,1.458263863916485,4.362500000000001,3.6397354399672364,7,3.845098040014257,2.3725,3.3752062210993303,0.20536260004702056,0.26452921886790604,23,8,8,default,0.17472500000000002,NRP-summer,summer
Bgl,PFOS,21.803418582090206,0.020730239033385583,0.009239797717945088,0.002126278996515387,0.1297497515365097,NA,56.307835170141495,0.03144316967713822,0.03756249817953479,577000.4521612548,0.325,9.9,0.005466182431688736,2.834444415671727,18.71068176420501,0.1284522540211446,0.13077879245074744,0.863294532615858,0.0059266749333946114,3.249292792507985,5.7611761534868595,1341201.8608737804,0.64,77,0.005466182431688736,5.581675157015093,43.79814421361384,0.9990730868311247,0.11079392350136043,0.8693748924829382,0.019831184015701463,3.3213141733427234,6.127494147326611,15089.990357963818,5e-4,4,0.005466182431688736,0.004360683716418042,0.5105571510191914,0.05189990061460388,0.007693273241924504,0.900743076967659,0.09156364979041642,4.479718957938945,4.178688962274964,0.3663179938397514,1.5824871912118956,696.25,5.842765208181786,820,5.913813852383717,485,5.685741738602264,0.07104864420193113,0.15702346957952162,23,8,8,default,0.17472500000000002,NRP-summer,summer
Bgl,PFNA,1.563309820634462,0.006884196343842802,0.006442731930442139,0.002126278996515387,0.09393810028024695,NA,56.307835170141495,0.03144316967713822,0.020919389702489063,2971.033546918073,0.004,0.10500000000000001,0.005466182431688737,0.0037519435695227083,0.05741391496468221,9.863500529425932e-4,0.06036701920675711,0.9237630692428019,0.015869911550441044,2.8708475642653855,3.472907555593348,6847.016119231531,0.0081,0.34,0.005466182431688737,0.007597685728283485,0.13244381735961683,0.0031938954095283964,0.05304335246723159,0.9246584206766068,0.02229822685616176,2.9270163314050652,3.835501350283715,608.5979346171908,5e-4,0.0495,0.005466182431688737,4.6899294619033853e-4,0.011797510823809412,4.649935963872224e-4,0.0368372181758093,0.9266396940046169,0.036523087819573676,3.085360469834866,2.7843304741708845,0.36259379469036723,0.6885770814224634,0.11725,2.069112851387121,0.23249999999999998,2.3664229572259727,0.10575,2.0242803760470798,0.29731010583885187,0.04483247534004109,23,8,8,default,0.17472500000000002,NRP-summer,summer
Bgl,PFOA,0.21803418582090206,0.002069577635379077,0.0015226955447041927,0.002126278996515387,0.024834210418915863,NA,56.307835170141495,0.03144316967713822,0.029001300574613274,783.1708652807439,0.0355,0.24,0.023282748398014617,0.006192170877313618,0.01592478173791921,5.960210500539807e-4,0.2726270442860317,0.7011315194829695,0.02624143623099888,1.3436281698626193,2.8938565229177136,2433.3065249288047,0.11,0.77,0.023282748398014617,0.019187008352239382,0.04946981136513209,0.0019122342022565217,0.2718898339503278,0.7010128181890308,0.027097347860641437,1.3448041355276543,3.3861968206858792,43.06765690900243,9e-4,0.099,0.023282748398014617,1.569846137910495e-4,8.46174766123983e-4,2.4585868314726706e-4,0.12568642394663213,0.6774720007246018,0.19684157532876598,1.6799087352238715,1.6341512446631965,0.4923402977681657,1.259705278254517,0.10843749999999999,2.0351794964709677,0.12375,2.0925452076056064,0.104,2.0170333392987803,0.05736571113463862,0.018146157172187483,23,8,8,default,0.17472500000000002,NRP-summer,summer
Phy,PFHxS,1120.5000466351844,14.74031628561924,0,0.8,0,NA,NA,NA,15.540316285619241,5439.433919139825,0.082,0.7350000000000001,0,84.53052351815832,0,0,1,0,0,1.8217398527214477,3.7355537051051644,15920.294397482414,0.24,3.7,0,247.40641029704872,0,0,1,0,0,1.8217398527214477,4.201951094433054,53.06764799160805,8e-4,0.23,0,0.8246880343234958,0,0,1,0,0,1.8217398527214477,1.7248298397133914,0.4663973893278892,2.010723865391773,NA,NA,NA,NA,NA,NA,NA,NA,23,8,8,default,NA,NRP-summer,summer
Phy,PFNA,1780.6078786442436,11.241844239525637,0,0.8,0,NA,NA,NA,12.041844239525638,354.88408783092905,0.004,0.10500000000000001,0,4.273458908746184,0,0,1,0,0,1.9480265357115236,2.550086527039486,718.6402778576314,0.0081,0.34,0,8.653754290211022,0,0,1,0,0,1.9480265357115236,2.8565115545901736,44.36051097886613,5e-4,0.0495,0,0.534182363593273,0,0,1,0,0,1.9480265357115236,1.6469965400475424,0.30642502755068746,0.9030899869919438,NA,NA,NA,NA,NA,NA,NA,NA,23,8,8,default,NA,NRP-summer,summer
Phy,PFOA,568.2907983129024,12.720670218844543,0,0.8,0,NA,NA,NA,13.520670218844543,1193.6877692343924,0.0355,0.24,0,16.139458672086427,0,0,1,0,0,1.5266623909649104,3.0768907440200044,3698.7508342474143,0.11,0.77,0,50.00959025153542,0,0,1,0,0,1.5266623909649106,3.5680550761231355,30.262506825660658,9e-4,0.099,0,0.4091693747852898,0,0,1,0,0,1.5266623909649104,1.4809049004042354,0.49116433210313115,1.595985843615769,NA,NA,NA,NA,NA,NA,NA,NA,23,8,8,default,NA,NRP-summer,summer
Phy,PFOS,7546.935109009093,8.253369125873688,0,0.8,0,NA,NA,NA,9.053369125873688,108368.66922472927,0.325,9.9,0,981.1015641711822,0,0,1,0,0,2.5230203792532704,5.034903740232145,213402.91785792843,0.64,77,0,1932.015387906328,0,0,1,0,0,2.5230203792532704,5.329200353237158,166.72102957650657,5e-4,4,0,1.5093870218018186,0,0,1,0,0,2.5230203792532704,2.221990383589289,0.2942966130050131,2.8129133566428557,NA,NA,NA,NA,NA,NA,NA,NA,23,8,8,default,NA,NRP-summer,summer
Pry,PFHxS,0.8831320343442476,0.0026262316987821876,9.328466628918774e-4,0.004328099717721641,0.17112490727270663,NA,5.5894432553433395,0.0015333773053109912,0.3760783962577904,1153.786118237826,0.082,0.7350000000000001,0.3681912181783947,0.06662348067093005,0.2792467875086453,0.08804376479180757,0.1535407375850505,0.6435532531557049,0.20290600925924457,1.1483114570616182,3.062125309445335,3870.2481936208264,0.24,3.7,0.3681912181783947,0.19499555318320985,0.8173076707570106,0.44321350983631014,0.13396998375777386,0.5615240634413029,0.3045059528009232,1.2075275748999956,3.5877388166116018,82.2314029692576,8e-4,0.23,0.3681912181783947,6.499851772773663e-4,0.0027243589025233686,0.027551110070905768,0.02101780540100871,0.08809438623753016,0.8908878083614612,2.011947712930468,1.9150376999224115,0.5256135071662666,1.1470876095229237,14.7,4.1673173347481764,41.7,4.620136054973758,4.42,3.645422269349092,0.4528187202255811,0.5218950653990846,23,8,8,default,0.005,NRP-summer,summer
Pry,PFNA,5.422877846334108,0.023880202983493262,0.0025501328605602195,0.004328099717721641,0.16008459067446748,NA,5.5894432553433395,0.0015333773053109912,0.049719769535098025,841.2059592802287,0.004,0.10500000000000001,0.018961333973322902,0.013014906831201859,0.017043442181188813,0.011766217414573359,0.311178523605955,0.4074983589118814,0.28132311748216365,2.3228423493308195,2.924902340658782,1990.5218840717066,0.0081,0.34,0.018961333973322902,0.026355186333183764,0.034512970416907346,0.038100132580523256,0.2662993016393503,0.34872756365034263,0.3849731347103072,2.3904819377610544,3.298966956639704,187.13330291788907,5e-4,0.0495,0.018961333973322902,0.0016268633539002323,0.0021304302726486016,0.005546931066870298,0.17485211369098935,0.22897450812376155,0.5961733781852492,2.573181078655311,2.27215108299133,0.374064615980922,0.6527512576674521,0.33099999999999996,2.519827993775719,3.37,3.5276299008713385,0.04125,1.615423952885944,1.0078019070956197,0.9044040408897749,23,8,8,default,0.005,NRP-summer,summer
Pry,PFOA,0.7563265709875754,0.007179041903293933,4.294946614579617e-4,0.004328099717721641,0.04232121362658336,NA,5.5894432553433395,0.0015333773053109912,0.09270085769453028,471.8956665430812,0.0355,0.24,0.08076422141205675,0.02147967461604714,0.015155494525562535,0.007109963889266003,0.4910186145939162,0.34644984425731795,0.16253154114876575,1.1236176361440353,2.6738459891991293,1470.6288921638043,0.11,0.77,0.08076422141205675,0.06655673824690664,0.04696068726230647,0.022811134144728427,0.4882083285839392,0.34446698022418915,0.1673246911918717,1.126110408766394,3.167503093924619,41.65699364974214,9e-4,0.099,0.08076422141205675,5.445551311110544e-4,3.842238048734165e-4,0.002932860104322227,0.14101658011718385,0.09949759696931716,0.759485822913499,1.6654454146351951,1.6196879240745201,0.49365710472548985,1.0541580651246092,0.081,1.9084850188786497,0.462,2.6646419755561257,0.028426857695150378,1.453728855431559,0.756156956677476,0.4547561634470907,23,8,8,default,0.005,NRP-summer,summer
Pry,PFOS,75.63265709875753,0.07190996469128118,0.004463198442216202,0.004328099717721641,0.22111300742584492,NA,5.5894432553433395,0.0015333773053109912,0.0996625968245419,186158.85863246786,0.325,9.9,0.0189613339733229,9.83224542283848,7.188516708904948,1.5323131414611053,0.5299523274741842,0.38745688264883155,0.08259078987698411,2.758000346584175,5.269883707563049,455896.2043285987,0.64,77,0.0189613339733229,19.36196021728193,14.15584828830513,11.91799110025304,0.42613886814469615,0.3115571512135467,0.2623039806417572,2.852686002411962,5.658865976395849,6474.868498795228,5e-4,4,0.0189613339733229,0.015126531419751508,0.01105925647523838,0.6191164207923657,0.023441003635368315,0.017138104172515718,0.9594208921921159,4.1122609482122465,3.8112309525482653,0.38898226883279996,1.4586527550147839,1140,6.056904851336473,2580,6.41161970596323,509,5.706717782336758,0.35471485462675734,0.3501870689997144,23,8,8,default,0.005,NRP-summer,summer
